aX	 aY 	 aZ	 gX	 gY	 gZ	
-0.5608	0.7212	0.3240	39.9780	308.5327	-14.2212
-0.4961	0.7065	0.3358	31.3721	329.0405	-17.3340
-0.4227	0.7073	0.3713	24.8413	342.6514	-17.6392
-0.3585	0.7253	0.4066	19.1040	351.5625	-19.2261
-0.2748	0.7433	0.4451	13.7939	353.9429	-21.3623
-0.1696	0.7202	0.4957	8.6670	349.4263	-24.7192
-0.0768	0.6720	0.5542	5.5542	337.5854	-26.8555
-0.0394	0.6638	0.6180	5.6152	319.0918	-26.2451
-0.0017	0.6830	0.6641	8.9722	295.6543	-27.7710
0.0210	0.6750	0.6837	15.1978	265.6250	-28.4424
0.0392	0.6852	0.6888	21.7896	234.3750	-26.4893
0.0620	0.6993	0.6924	27.5269	202.6367	-22.5220
0.0914	0.7050	0.7020	32.4097	172.9126	-17.0898
0.1329	0.7151	0.7067	35.4614	145.9351	-12.8784
0.1509	0.7371	0.7137	37.5366	122.1313	-10.8643
0.1255	0.7556	0.7274	38.8184	100.1587	-10.3149
0.0516	0.7653	0.7401	39.9170	80.6885	-9.8877
-0.0303	0.7719	0.7542	40.4663	67.8711	-9.2773
-0.0942	0.7833	0.7651	42.0532	62.1948	-7.8735
-0.1375	0.7758	0.7632	44.7388	63.9038	-6.5308
-0.1429	0.7615	0.7511	47.7905	71.5332	-5.7373
-0.1323	0.7393	0.7334	50.7813	82.3975	-5.3711
-0.1028	0.7191	0.7137	53.1006	94.7876	-3.9062
-0.0616	0.6995	0.6996	53.7720	105.8960	-1.5869
-0.0162	0.6761	0.6886	52.6733	115.0513	0.4883
0.0305	0.6621	0.6801	50.4150	120.7275	3.3569
0.0635	0.6442	0.6740	47.4243	122.5586	5.4321
0.0979	0.6285	0.6736	44.0063	121.2769	7.2632
0.1218	0.6145	0.6775	41.0767	117.6147	9.7046
0.1415	0.6017	0.6777	39.6729	112.4268	11.7798
0.1646	0.5996	0.6841	39.3677	105.7739	13.0005
0.1777	0.6090	0.7015	39.7949	98.0835	14.4043
0.1560	0.6311	0.7208	42.6025	91.7969	16.4795
0.1617	0.6176	0.7308	46.4478	87.7686	21.5454
0.2162	0.5889	0.7328	49.8047	84.5947	29.1138
0.2535	0.5900	0.7455	52.0630	81.7871	33.9966
0.2378	0.6049	0.7635	54.5654	77.8809	37.3535
0.2249	0.6038	0.7621	58.1055	73.3643	41.1987
0.2635	0.5865	0.7568	61.0962	67.5049	45.0439
0.2898	0.5870	0.7745	63.4766	59.8145	46.3257
0.2583	0.6122	0.7972	67.4438	54.1992	46.2646
0.2439	0.6060	0.8198	72.3877	50.7813	48.5840
0.2682	0.5785	0.8281	78.4912	50.4761	51.7578
0.2897	0.5605	0.8312	84.9609	50.5981	51.7578
0.2648	0.5635	0.8456	90.3931	49.6826	50.4761
0.2451	0.5620	0.8364	94.6045	47.4243	50.3540
0.2571	0.5413	0.8466	97.9004	43.7012	49.5605
0.2457	0.5322	0.8507	101.3184	39.7339	47.4243
0.2692	0.5135	0.8422	104.9805	36.0718	46.5088
0.2980	0.4861	0.8571	107.0557	31.0669	45.2271
0.2855	0.4989	0.8663	110.0464	26.1841	42.3584
0.2686	0.4927	0.8623	114.5020	21.4233	41.2598
0.2751	0.4573	0.8488	119.8120	16.7236	41.4429
0.2732	0.4305	0.8420	123.4741	11.5356	41.1987
0.2722	0.4045	0.8295	125.6714	6.2256	40.1001
0.2747	0.3733	0.8221	126.0986	0.3052	38.3301
0.2568	0.3605	0.8333	124.9390	-6.2866	36.6211
0.2030	0.3690	0.8438	123.1689	-14.4653	36.5601
0.1810	0.3466	0.8414	122.1924	-21.8506	37.9639
0.1818	0.3207	0.8368	121.3989	-27.0996	39.4897
0.1608	0.3191	0.8390	119.9951	-28.9307	39.1846
0.1415	0.3250	0.8368	119.0796	-29.0527	39.3677
0.1436	0.3025	0.8352	118.5913	-29.3579	40.1611
0.1309	0.2776	0.8490	118.1030	-28.6865	39.1846
0.0937	0.2711	0.8590	118.0420	-25.7568	37.1704
0.0940	0.2545	0.8528	118.7744	-21.3623	35.4614
0.1355	0.2200	0.8494	118.6523	-17.5171	34.7290
0.1643	0.1896	0.8466	116.8213	-14.8315	34.1187
0.1880	0.1705	0.8422	113.0981	-14.0381	34.2407
0.2057	0.1617	0.8558	108.1543	-15.8691	34.7900
0.2129	0.1694	0.8768	103.2715	-20.0195	36.7432
0.2245	0.1716	0.8884	100.5859	-24.8413	40.6494
0.2335	0.1582	0.8871	99.9756	-29.2969	44.2505
0.2097	0.1309	0.8939	100.2808	-33.4473	44.7998
0.1688	0.1121	0.9006	101.1963	-35.9497	42.9688
0.1528	0.0952	0.9052	103.2715	-36.8652	39.5508
0.1738	0.0752	0.9025	105.7129	-35.6445	35.2173
0.2118	0.0460	0.8978	106.8726	-34.3628	31.7383
0.2328	0.0189	0.8962	106.1401	-34.2407	29.0527
0.2280	0.0087	0.9021	102.2339	-35.8276	26.7944
0.2363	-0.0004	0.9050	96.8628	-40.1611	26.1230
0.2596	-0.0133	0.9138	92.1021	-46.2646	26.5503
0.2668	-0.0208	0.9205	88.3789	-52.7954	26.8555
0.2795	-0.0306	0.9192	86.3647	-61.7676	26.9165
0.2533	-0.0361	0.9259	85.6934	-72.1436	25.3296
0.1621	-0.0215	0.9355	87.4634	-82.0923	22.7661
0.1075	-0.0226	0.9384	93.2617	-89.8438	22.8271
0.1090	-0.0392	0.9365	99.6704	-92.8955	22.1558
0.1145	-0.0636	0.9337	105.0415	-93.6279	20.7520
0.1088	-0.0813	0.9224	107.7881	-95.5200	19.5313
0.1180	-0.1145	0.9038	108.3984	-100.9521	18.4937
0.1279	-0.1637	0.8779	107.4829	-108.8257	17.5171
0.1230	-0.1910	0.8558	104.3091	-117.7979	15.6860
0.1093	-0.2195	0.8369	99.6094	-129.5166	13.9160
0.0574	-0.2361	0.8177	93.7500	-141.7847	12.5122
-0.0253	-0.2240	0.8190	88.2568	-152.7710	11.1084
-0.1230	-0.2008	0.8363	83.6792	-159.4849	8.9111
-0.1875	-0.1842	0.8591	81.0547	-160.0342	6.5308
-0.1987	-0.1724	0.8777	79.2236	-156.6772	3.6621
-0.1963	-0.1870	0.8829	76.2329	-151.1841	0.2441
-0.1896	-0.2109	0.8722	72.2656	-146.9727	-1.4038
-0.1702	-0.2202	0.8528	66.7725	-146.0571	-0.7324
-0.1874	-0.2175	0.8163	61.9507	-151.3062	-0.7324
-0.2649	-0.2224	0.7695	58.4717	-158.0200	-1.5869
-0.3437	-0.2241	0.7314	55.2979	-161.8652	-2.2583
-0.3851	-0.2163	0.7024	53.9551	-163.3301	-1.5259
-0.3938	-0.2084	0.6871	53.1006	-161.1328	-0.4883
-0.3962	-0.1925	0.6864	53.4668	-157.9590	-0.0610
-0.3866	-0.1985	0.6642	55.2368	-155.4565	-0.4272
-0.3842	-0.2192	0.6620	56.1523	-153.4424	-2.0752
-0.4344	-0.2533	0.6350	56.7017	-151.7944	-3.9673
-0.5114	-0.2891	0.6622	53.2837	-146.9116	-4.8218
-0.5562	-0.2959	0.7319	48.4619	-137.0239	-3.7231
-0.5620	-0.2894	0.7991	47.2412	-122.3145	-1.8311
-0.5248	-0.3073	0.7891	49.9268	-105.3467	-0.4883
-0.4559	-0.3445	0.7520	50.7813	-91.4307	0.4883
-0.3860	-0.3700	0.7167	48.2788	-86.1816	1.3428
-0.3557	-0.3718	0.6797	44.0674	-91.2476	0.7324
-0.4000	-0.3817	0.6326	39.2456	-101.3184	-3.2959
-0.4781	-0.3853	0.6245	33.5693	-108.0933	-8.4839
-0.5170	-0.3750	0.6173	28.9917	-110.1074	-11.5967
-0.5256	-0.3754	0.6013	24.7192	-109.6802	-11.4136
-0.6124	-0.3647	0.6245	21.3623	-108.0322	-10.6812
-0.7202	-0.3513	0.6504	20.9351	-98.3276	-10.3760
-0.7368	-0.3523	0.6427	23.2544	-78.7354	-8.1787
-0.6625	-0.3798	0.5958	25.1465	-56.6406	-4.3335
-0.5876	-0.4194	0.5447	22.7661	-39.5508	0.0610
-0.5591	-0.4539	0.5411	14.2822	-30.8838	3.8452
-0.5602	-0.4695	0.5513	2.1973	-27.0996	8.0566
-0.5719	-0.4656	0.5515	-9.3384	-25.3296	11.7187
-0.5790	-0.4468	0.5437	-21.9116	-24.7192	14.4653
-0.5928	-0.4230	0.5302	-33.0811	-24.1699	16.1743
-0.6023	-0.3864	0.5247	-42.4194	-23.6206	16.7236
-0.5985	-0.3457	0.5322	-48.8281	-23.3765	15.9302
-0.5891	-0.3306	0.5328	-51.6968	-23.1323	13.5498
-0.5811	-0.3473	0.5363	-53.5889	-23.0103	10.6201
-0.5847	-0.3864	0.5283	-56.2744	-22.8882	7.9956
-0.5863	-0.4153	0.5216	-61.2793	-21.5454	5.9814
-0.5835	-0.4199	0.4966	-68.5425	-17.8833	4.4556
-0.5676	-0.4150	0.4576	-76.7212	-13.5498	2.5024
-0.5430	-0.3706	0.4388	-84.9609	-15.0146	0.6104
-0.5420	-0.3064	0.4438	-90.3931	-16.9678	-1.0376
-0.5601	-0.2456	0.4747	-91.7358	-20.5078	-2.9907
-0.6062	-0.2439	0.5071	-89.6606	-23.9258	-4.3335
-0.6599	-0.2726	0.5532	-86.9141	-24.5972	-5.8594
-0.6925	-0.2931	0.5968	-85.9375	-19.9585	-6.2256
-0.6902	-0.3024	0.6399	-86.9751	-10.6201	-5.6152
-0.6660	-0.3071	0.6635	-90.1489	0.8545	-4.5776
-0.6313	-0.3097	0.6810	-95.0928	12.6343	-3.4180
-0.5846	-0.2997	0.6964	-101.3184	21.6675	-2.6245
-0.5282	-0.2809	0.6764	-108.0933	26.9165	-2.6245
-0.4755	-0.2496	0.6758	-115.4785	27.4048	-4.8218
-0.4575	-0.2230	0.6965	-122.9858	23.0713	-8.7891
-0.4697	-0.1978	0.7415	-129.8218	17.5781	-14.0991
-0.5103	-0.1628	0.7965	-133.8501	14.0991	-19.0430
-0.5494	-0.1158	0.8365	-133.2397	14.2822	-23.2544
-0.5452	-0.0881	0.8342	-129.5166	17.3340	-25.2686
-0.5027	-0.0789	0.8427	-125.6714	20.3247	-24.7192
-0.4686	-0.0680	0.8579	-121.8872	22.8882	-23.9868
-0.4521	-0.0568	0.8734	-118.7744	24.9023	-24.5972
-0.4352	-0.0571	0.8577	-117.4316	26.3672	-26.8555
-0.4044	-0.0680	0.8424	-118.6523	25.6958	-29.8462
-0.3905	-0.0543	0.8588	-123.1079	23.0713	-34.1797
-0.4181	-0.0155	0.8726	-126.1597	19.9585	-38.7573
-0.4716	0.0275	0.8538	-126.7700	17.7612	-42.4194
-0.4957	0.0547	0.8530	-125.9766	18.0664	-43.5181
-0.5000	0.0920	0.8915	-124.0845	22.6440	-42.7856
-0.5143	0.1356	0.9508	-119.2627	29.7241	-41.1377
-0.5193	0.1606	0.9816	-110.5957	37.0483	-39.2456
-0.4927	0.1578	0.9888	-100.8301	42.1753	-36.6211
-0.4583	0.1436	0.9868	-92.4683	44.1284	-34.1797
-0.4332	0.1346	0.9724	-86.6699	42.5415	-31.9214
-0.4176	0.1403	0.9569	-84.0454	37.7808	-30.8838
-0.4158	0.1680	0.9535	-84.1064	30.4565	-32.2876
-0.4270	0.1959	0.9490	-83.4351	23.9258	-35.8887
-0.4441	0.2117	0.9351	-81.7871	19.8364	-39.0015
-0.4556	0.2159	0.9106	-80.4443	17.7612	-41.1377
-0.4723	0.2216	0.9031	-80.0781	17.5171	-43.2739
-0.4880	0.2429	0.9042	-79.8950	18.0664	-45.1660
-0.4897	0.2699	0.9005	-79.6509	18.9819	-48.3398
-0.4904	0.2963	0.9045	-78.6743	18.0054	-51.7578
-0.5139	0.3252	0.9077	-76.1108	16.9067	-53.0396
-0.5377	0.3458	0.9073	-71.4111	17.3340	-51.8799
-0.5514	0.3534	0.8979	-65.3687	20.2026	-49.4385
-0.5392	0.3578	0.8854	-59.0210	24.1699	-46.7529
-0.4954	0.3657	0.8793	-52.7954	28.0151	-45.7764
-0.4606	0.3710	0.8826	-45.7153	30.5176	-49.4995
-0.4404	0.3708	0.8770	-37.9028	30.8228	-55.5420
-0.4353	0.3781	0.8772	-30.0293	27.5269	-61.1572
-0.4331	0.3932	0.8713	-21.7285	21.4233	-66.5283
-0.4219	0.3951	0.8541	-13.1836	13.8550	-71.1670
-0.4060	0.3875	0.8289	-5.4932	5.9814	-74.0356
-0.4172	0.3885	0.8074	1.0986	-1.8311	-76.1719
-0.4517	0.3912	0.7935	7.2632	-9.3994	-77.7588
-0.4762	0.3871	0.7771	13.6719	-14.7705	-77.8809
-0.4792	0.3726	0.7570	19.5313	-17.4561	-77.0874
-0.4579	0.3633	0.7366	24.4751	-18.2495	-75.8667
-0.4305	0.3586	0.7183	28.0762	-19.2871	-75.6226
-0.4086	0.3608	0.7091	29.7241	-21.7896	-76.5991
-0.3960	0.3634	0.7013	30.5176	-26.3062	-79.5288
-0.3939	0.3713	0.6895	30.0293	-32.5928	-82.3975
-0.4058	0.3807	0.6815	28.3203	-40.1611	-84.9609
-0.4296	0.3950	0.6759	26.7944	-47.4854	-85.8765
-0.4655	0.4034	0.6768	25.3296	-52.7344	-83.2520
-0.4980	0.3969	0.6814	23.4985	-54.6265	-78.8574
-0.5125	0.3896	0.6704	22.2168	-52.8564	-73.9136
-0.5027	0.3898	0.6564	22.4609	-49.4995	-70.6787
-0.4911	0.3829	0.6473	24.2920	-45.9595	-67.9321
-0.4996	0.3744	0.6422	26.9775	-41.1377	-66.5283
-0.5299	0.3945	0.6427	28.8086	-36.1328	-66.5894
-0.5459	0.4218	0.6293	29.2969	-34.4238	-67.3828
-0.5488	0.4352	0.6343	30.7617	-35.0952	-68.9087
-0.5566	0.4296	0.6228	33.0200	-36.8652	-68.0542
-0.5625	0.4050	0.6188	35.4004	-36.7432	-65.9180
-0.5552	0.3926	0.6066	37.4146	-34.4849	-62.6221
-0.5160	0.3707	0.6024	39.0625	-31.5552	-58.7769
-0.4918	0.3600	0.5968	39.0015	-30.2734	-55.3589
-0.4884	0.3522	0.5978	39.3066	-31.3110	-53.2227
-0.5219	0.3580	0.6346	38.8794	-33.6914	-52.4292
-0.5955	0.3796	0.7045	39.6729	-32.1655	-52.5513
-0.6512	0.4037	0.7429	43.4570	-23.6816	-52.6123
-0.6200	0.3988	0.7383	47.5464	-11.3525	-51.7578
-0.5277	0.3521	0.7008	48.8281	-3.7842	-49.7437
-0.4609	0.3115	0.6825	45.6543	-3.2349	-48.4009
-0.4750	0.3203	0.6920	39.6118	-8.0566	-48.2788
-0.5254	0.3610	0.7208	35.0952	-15.3809	-47.9126
-0.5789	0.4043	0.7517	35.6445	-21.9727	-46.4478
-0.5927	0.4379	0.7721	41.4429	-21.0571	-44.6167
-0.6108	0.4689	0.8002	54.1382	-14.8315	-42.8467
-0.6589	0.5073	0.8777	73.6694	-3.8452	-40.2832
-0.6400	0.5017	0.9529	99.7314	11.2305	-34.4238
-0.5323	0.4042	0.9158	126.0376	27.0996	-27.0996
-0.4106	0.2574	0.8326	143.1274	34.3018	-20.2637
-0.3397	0.1630	0.7861	145.8130	28.3813	-14.2212
-0.3441	0.1613	0.7822	138.9771	12.2681	-10.6201
-0.4141	0.1931	0.8267	132.5073	-8.2397	-6.8970
-0.5194	0.2437	0.8983	129.1504	-24.9023	-1.7090
-0.6044	0.2343	0.9521	132.5684	-30.0903	3.1738
-0.6492	0.1401	0.9321	138.3057	-24.7192	8.5449
-0.7039	0.0751	0.9001	141.3574	-10.1929	12.3901
-0.7003	0.0292	0.8672	142.5171	4.4556	17.4561
-0.6213	0.0004	0.8047	139.5874	19.1040	23.8037
-0.5802	0.0334	0.8469	135.4370	32.7148	31.9214
-0.5735	0.0153	0.9174	133.2397	40.1611	40.8325
-0.5630	-0.0701	0.9200	132.2632	45.5322	44.9829
-0.5266	-0.1656	0.8889	130.3101	48.2788	46.9971
-0.4846	-0.2230	0.8585	123.8403	45.2881	47.6685
-0.4595	-0.2213	0.8593	113.4644	40.7104	46.0205
-0.4431	-0.2026	0.8982	103.1494	38.0859	44.3115
-0.4401	-0.2229	0.9081	94.6655	36.9263	41.3208
-0.4502	-0.2651	0.9254	86.9751	38.3301	37.3535
-0.4755	-0.2656	0.9216	79.7729	40.4053	32.4097
-0.4795	-0.2759	0.9608	73.9746	39.0015	30.5786
-0.4482	-0.2853	0.9647	68.4204	37.4756	25.8179
-0.4238	-0.2781	0.9858	63.9038	36.0718	21.2402
-0.4154	-0.3059	1.0110	59.3872	31.9214	18.3105
-0.4078	-0.3044	1.0056	54.1992	26.9775	16.1133
-0.3900	-0.2809	0.9822	50.1099	19.8364	16.4185
-0.4059	-0.2330	0.9979	46.6309	13.0005	17.2729
-0.4348	-0.2200	1.0037	45.1660	9.4604	17.3950
-0.4430	-0.2457	0.9791	45.4102	9.9487	17.9443
-0.4374	-0.2762	0.9640	44.4946	10.7422	18.3105
-0.4268	-0.2883	0.9567	40.0391	10.9863	18.4937
-0.4211	-0.2574	0.9576	35.0342	10.0708	19.1650
-0.4363	-0.2266	0.9739	31.6772	9.2773	21.4844
-0.4386	-0.2107	0.9913	30.3955	11.8408	24.1699
-0.4106	-0.1772	0.9701	31.3110	16.7236	28.1372
-0.3887	-0.1764	0.9619	32.8979	19.9585	32.8369
-0.3765	-0.1963	0.9702	34.4849	21.3013	36.0718
-0.3597	-0.2615	0.9419	34.8511	21.8506	36.3770
-0.3391	-0.3237	0.9484	32.0435	21.4844	33.0811
-0.3459	-0.3254	0.9575	26.1230	18.4326	28.4424
-0.3601	-0.2498	0.9937	20.5078	13.6719	25.2075
-0.3782	-0.1537	1.0795	22.0337	6.9580	23.6816
-0.3806	-0.1522	1.0732	30.7007	3.0518	25.2075
-0.3795	-0.2013	1.0819	39.7949	2.8687	28.5645
-0.3792	-0.2249	1.0436	46.4478	4.0283	33.9355
-0.3735	-0.2664	0.9871	51.4526	5.1270	38.0859
-0.3345	-0.3059	0.9708	51.7578	6.3477	40.5273
-0.2937	-0.3906	0.9454	48.4619	7.6904	41.0156
-0.2987	-0.4150	0.9707	42.1753	8.1787	38.4521
-0.2821	-0.3992	0.9437	35.2173	4.8828	35.9497
-0.2600	-0.3826	0.9529	28.6865	0.7324	34.3628
-0.2614	-0.3666	0.9683	24.6582	-3.7842	32.5928
-0.2826	-0.3557	1.0189	23.5596	-8.8501	31.4941
-0.3066	-0.3649	0.9928	24.5972	-11.7187	31.0669
-0.2938	-0.3684	0.9597	25.8179	-12.5732	32.5317
-0.2784	-0.3557	0.9764	24.5361	-11.9019	34.9731
-0.2836	-0.3711	0.9707	23.9258	-9.8267	37.9028
-0.2820	-0.3990	0.9459	23.2544	-7.2632	39.6729
-0.2720	-0.3833	0.9509	21.0571	-4.0283	39.7339
-0.2621	-0.3849	0.9608	19.5313	-0.6104	38.3301
-0.2405	-0.3611	1.0156	20.0195	2.1973	35.7056
-0.2108	-0.3507	0.9749	23.7427	2.3193	33.9966
-0.1959	-0.3739	0.9692	27.8320	-0.4883	32.7759
-0.1986	-0.3867	0.9717	29.9683	-3.6621	32.2876
-0.2065	-0.4225	0.9669	31.5552	-6.7139	31.3110
-0.2207	-0.4283	0.9399	32.0435	-8.9722	28.6255
-0.2296	-0.4185	0.9197	31.3721	-10.1318	25.8789
-0.2305	-0.3954	0.9141	30.6396	-11.5356	24.1089
-0.2339	-0.3917	0.9261	30.7007	-11.0474	24.1089
-0.2416	-0.3767	0.9066	31.1279	-8.9111	24.2920
-0.2428	-0.3711	0.9047	32.2876	-7.6904	25.2075
-0.2482	-0.3765	0.9022	34.7900	-6.2866	26.0010
-0.2328	-0.3951	0.8903	36.4990	-2.6245	25.8179
-0.2313	-0.4005	0.8851	37.4146	-0.8545	23.8037
-0.1848	-0.4062	0.8704	37.9639	5.6152	19.5313
-0.1926	-0.4257	0.8773	36.5601	8.7891	21.6064
-0.1584	-0.4771	0.8646	33.2642	-3.7842	23.9258
-0.1959	-0.4548	0.8632	31.3721	-7.9346	16.6016
-0.2397	-0.4331	0.8728	29.5410	-13.6108	16.6626
-0.2677	-0.4548	0.8694	29.6631	-12.3291	14.5264
-0.2671	-0.4777	0.8579	29.1138	-11.1084	12.6953
-0.2659	-0.4895	0.8640	27.0996	-10.2539	11.5967
-0.2770	-0.4878	0.8749	24.4141	-7.4463	10.9253
-0.2872	-0.5020	0.8719	21.8506	-3.7842	12.6343
-0.2743	-0.5177	0.8805	18.9209	0.8545	14.2212
-0.2467	-0.5194	0.8889	15.4419	4.2114	14.0991
-0.2223	-0.5178	0.9038	13.0615	3.9673	12.4512
-0.2089	-0.4961	0.9458	11.6577	2.8687	9.5825
-0.2145	-0.4563	0.9490	13.3667	-0.7935	6.4697
-0.2371	-0.4570	0.9583	17.1509	-6.2866	4.5166
-0.2758	-0.4839	0.9612	21.4844	-9.4604	3.2959
-0.3074	-0.5278	0.9585	24.9023	-10.1929	3.4180
-0.3152	-0.5492	0.9509	25.6958	-7.8125	3.2959
-0.3274	-0.5485	0.9423	24.9023	-3.9062	3.4790
-0.2983	-0.5696	0.9286	23.5596	-5.7373	5.7983
-0.2837	-0.5892	0.9083	20.9351	-4.0894	5.2490
-0.2878	-0.6072	0.8827	17.0898	-1.8311	3.9062
-0.2742	-0.6082	0.8828	11.7798	0.5493	0.8545
-0.2601	-0.5645	0.9222	6.1035	1.4038	-4.5776
-0.2756	-0.5251	0.9254	3.7231	0.4272	-10.1318
-0.2987	-0.5096	0.9572	2.4414	-0.6714	-13.9771
-0.3013	-0.4928	0.9711	2.9907	-1.0376	-13.6108
-0.3010	-0.4973	0.9695	4.2725	-0.4883	-10.3760
-0.3052	-0.5092	0.9924	5.0049	-0.1831	-6.3477
-0.2947	-0.5016	0.9539	6.3477	0.3052	-1.7700
-0.2699	-0.5037	0.9297	7.2632	-1.4648	2.6855
-0.2693	-0.5007	0.8419	6.9580	-4.4556	8.3618
-0.2487	-0.4451	0.8206	3.9673	-6.7139	13.3057
-0.2681	-0.3960	0.8340	1.2817	-7.8735	17.6392
-0.3114	-0.3929	0.8358	1.5259	-4.7607	19.4092
-0.2935	-0.4233	0.8438	3.1738	2.5635	19.1040
-0.2369	-0.4702	0.8943	4.3945	11.4136	16.2354
-0.1866	-0.4692	0.9192	5.1880	16.9678	12.6953
-0.1732	-0.4918	0.9154	7.4463	14.7095	9.3384
-0.2075	-0.5500	0.9064	7.6294	8.7280	8.4839
-0.2574	-0.5858	0.8796	3.5400	3.1128	10.0098
-0.2903	-0.5774	0.8333	-2.8076	-0.7935	11.2305
-0.2803	-0.5511	0.7971	-10.9253	-2.6245	11.9629
-0.2883	-0.5123	0.7581	-20.0806	-0.8545	11.4746
-0.2859	-0.4518	0.7072	-28.8696	1.0986	11.1694
-0.2546	-0.3857	0.7158	-36.3159	4.6997	11.5356
-0.2495	-0.4030	0.7583	-41.6260	11.6577	12.0239
-0.2648	-0.4789	0.8082	-46.5088	20.5688	10.1318
-0.2590	-0.4738	0.9165	-53.0396	29.9072	4.7607
-0.2183	-0.4115	0.9547	-56.1523	35.7666	0.7324
-0.2157	-0.4021	0.9850	-55.6641	34.9121	0.3662
-0.2201	-0.4103	0.9788	-54.9927	32.3486	6.3477
-0.2240	-0.4187	0.9486	-54.6265	27.8320	15.3809
-0.2418	-0.4181	0.9047	-55.7251	24.0479	21.9727
-0.2570	-0.3890	0.8422	-59.2041	21.2402	23.7427
-0.2345	-0.3699	0.7937	-63.5986	22.0337	20.9961
-0.2109	-0.3571	0.7538	-69.6411	26.2451	14.8926
-0.1820	-0.3317	0.7191	-77.5757	31.0059	7.7515
-0.1323	-0.3098	0.7321	-85.3882	37.5977	0.0610
-0.1086	-0.2943	0.8281	-92.5903	44.4946	-6.8970
-0.1332	-0.2229	0.9547	-95.8252	48.8281	-10.9863
-0.1388	-0.1257	1.0306	-89.2334	48.0957	-9.4604
-0.1538	-0.0931	1.0613	-75.0122	44.3726	-3.2959
-0.1758	-0.1390	1.0554	-58.2886	42.5415	6.7749
-0.1689	-0.2064	1.0355	-45.9595	42.2974	16.1133
-0.1353	-0.2537	1.0089	-39.9170	41.0156	21.5454
-0.0989	-0.2867	0.9723	-40.7715	39.6118	20.4468
-0.0704	-0.3185	0.9293	-46.1426	35.8887	13.7939
-0.0292	-0.3495	0.8568	-57.0679	30.7007	4.9438
-0.0013	-0.3549	0.8512	-75.6836	25.0244	-6.4087
-0.0205	-0.3250	0.8453	-96.1914	20.2026	-18.0664
-0.0566	-0.2622	0.8616	-115.4785	17.1509	-24.7192
-0.1282	-0.1359	0.9622	-131.1035	16.1133	-26.9165
-0.1761	0.0021	0.9985	-133.6060	18.4937	-23.1323
-0.1669	0.0625	1.0176	-125.4272	23.3154	-14.1602
-0.1661	0.0636	1.0292	-113.8916	31.8604	-6.2256
-0.1610	0.0515	1.0293	-104.4312	41.3208	-0.6714
-0.1346	0.0476	1.0221	-98.0225	48.2788	0.7324
-0.0864	0.0254	0.9906	-93.0786	52.1851	-1.4648
-0.0354	0.0072	0.9779	-91.5527	53.3447	-4.8218
-0.0043	0.0156	0.9786	-90.8203	51.3916	-7.5684
0.0358	0.0273	0.9635	-88.5010	47.1191	-7.8735
0.0413	0.0649	0.9832	-87.5244	41.1987	-7.8735
0.0422	0.0934	0.9656	-83.3130	34.4238	-6.1035
0.0641	0.0935	0.9678	-78.8574	27.4658	-1.6479
0.0780	0.0922	0.9766	-76.2329	20.3857	3.0518
0.0773	0.1130	0.9855	-73.1812	13.2446	7.2021
0.0658	0.1462	0.9860	-70.4346	7.4463	11.9019
0.0756	0.1475	0.9653	-68.1152	2.6245	15.5640
0.0829	0.1471	0.9662	-67.2607	-1.0376	15.9912
0.0592	0.1520	0.9561	-66.2231	-3.4790	14.5264
0.0254	0.1633	0.9462	-64.6362	-5.3101	13.6719
-0.0042	0.1757	0.9365	-62.8052	-5.9204	12.8174
-0.0011	0.1691	0.9320	-59.5703	-4.2114	11.5967
0.0173	0.1680	0.9277	-55.7861	-1.8921	10.6812
0.0205	0.1824	0.9276	-52.6123	-1.1597	9.4604
0.0118	0.1998	0.9144	-50.7202	-1.5259	7.8125
0.0115	0.1978	0.9044	-48.9502	-1.3428	6.5918
0.0127	0.2003	0.9063	-48.8892	-1.2817	4.9438
0.0002	0.2183	0.9153	-49.9878	-1.6479	3.2959
-0.0110	0.2357	0.9160	-49.2554	-1.3428	3.3569
-0.0004	0.2463	0.9254	-47.5464	0.0610	4.8218
0.0094	0.2333	0.9227	-45.2271	1.4648	6.0425
0.0164	0.2012	0.9094	-41.6260	1.8921	7.5684
0.0437	0.1832	0.8951	-39.0015	0.5493	10.0098
0.0659	0.1912	0.8809	-37.2314	-2.0752	12.8784
0.0691	0.1940	0.8676	-35.6445	-6.1646	13.7939
0.0699	0.1854	0.8544	-34.5459	-11.2915	13.6719
0.0844	0.1851	0.8435	-35.4614	-16.8457	13.6108
0.0968	0.1918	0.8320	-39.1846	-22.3389	12.8174
0.1285	0.1749	0.7719	-44.7998	-27.4658	12.6953
0.1509	0.1786	0.8145	-54.9316	-33.0811	13.1226
0.0629	0.2021	0.8073	-64.2090	-38.3301	11.9019
0.0315	0.2330	0.8024	-70.6787	-40.6494	12.3901
0.0411	0.2668	0.8060	-76.7212	-41.0156	14.9536
0.0593	0.2933	0.8011	-80.9326	-40.4053	17.7612
0.0336	0.3230	0.8177	-84.2896	-41.3208	20.5078
0.0017	0.3469	0.8356	-85.2661	-42.9688	22.8271
0.0055	0.3373	0.8328	-82.2754	-44.8608	28.9307
0.0183	0.3385	0.8328	-78.4302	-46.7529	34.8511
0.0221	0.3405	0.8286	-74.7681	-49.3164	37.9028
-0.0022	0.3425	0.8135	-68.8477	-53.4058	38.5742
-0.0280	0.3660	0.8162	-62.8662	-59.0820	38.0249
-0.0677	0.3846	0.8125	-56.0303	-63.4155	35.4614
-0.1140	0.3986	0.8105	-46.9360	-65.0024	32.4707
-0.1451	0.4106	0.8154	-37.2314	-63.2324	31.7993
-0.1541	0.3971	0.8113	-25.8179	-58.5327	32.2266
-0.1681	0.3768	0.8082	-13.9771	-52.1240	32.5317
-0.2267	0.3958	0.8339	-2.5635	-45.1660	36.6211
-0.2419	0.4004	0.8414	12.2681	-37.1094	46.4478
-0.1606	0.3689	0.8303	30.3955	-30.2734	56.8237
-0.0723	0.3252	0.7904	48.5229	-28.0762	64.7583
-0.0142	0.2827	0.7277	64.6973	-33.3252	69.7632
-0.0187	0.2308	0.6851	77.0264	-47.5464	72.8760
-0.0482	0.1860	0.6388	85.7544	-66.1011	73.0591
-0.0624	0.1337	0.5914	91.8579	-84.3506	71.2891
-0.1001	0.0862	0.5741	94.0552	-101.4404	68.9087
-0.1787	0.0524	0.5793	90.8203	-114.3188	64.7583
-0.2452	0.0581	0.5930	84.8389	-121.9482	59.6924
-0.3337	0.1063	0.6445	78.1250	-124.8169	56.3354
-0.4232	0.1184	0.6846	74.7681	-122.1313	57.6172
-0.4286	0.1165	0.7039	74.0356	-113.5864	60.3638
-0.3997	0.1199	0.7115	75.1343	-102.9053	61.0962
-0.3828	0.1093	0.7139	78.0640	-94.1162	62.3779
-0.3572	0.0765	0.6979	81.9092	-90.3320	62.9883
-0.3120	0.0203	0.6588	87.4634	-93.0176	60.8521
-0.2825	-0.0404	0.6251	94.0552	-103.6377	56.8848
-0.3242	-0.0796	0.6128	99.1211	-119.3848	52.3071
-0.4257	-0.0955	0.6003	104.0649	-135.6812	49.3164
-0.5021	-0.1139	0.5956	110.2905	-149.1699	47.1191
-0.5627	-0.1246	0.6011	118.7744	-157.9590	43.8232
-0.6283	-0.1273	0.5867	130.2490	-163.0859	41.9312
-0.6562	-0.1305	0.5408	144.7144	-167.5415	42.6025
-0.6182	-0.1638	0.4658	160.5225	-174.8047	43.8232
-0.5881	-0.1951	0.3854	175.2930	-186.7065	43.9453
-0.5724	-0.2246	0.3069	189.7583	-205.1392	44.6777
-0.5713	-0.2670	0.2313	203.6133	-228.6377	44.9829
-0.6238	-0.3173	0.1918	213.6230	-255.0049	42.5415
-0.7273	-0.3518	0.1653	219.7266	-277.6489	36.9263
-0.8184	-0.3881	0.1029	226.3794	-294.3726	30.0293
-0.8883	-0.4285	0.0272	230.1025	-303.6499	23.0713
-0.9021	-0.4323	0.0043	230.7739	-305.6641	15.8691
-0.8916	-0.3871	-0.0245	233.3374	-303.6499	9.3994
-0.8855	-0.3374	-0.0842	239.6851	-302.4902	0.5493
-0.9108	-0.2695	-0.0728	245.2393	-303.5889	-9.1553
-1.0753	-0.2664	-0.0537	248.0469	-301.8799	-20.0195
-1.2397	-0.3674	0.0055	244.2017	-291.0156	-27.8931
-1.3093	-0.4315	0.0287	238.1592	-261.3525	-38.3911
-1.2894	-0.4750	0.0270	229.0649	-220.5811	-47.7295
-1.2242	-0.5249	0.0114	215.5151	-182.1899	-55.1758
-1.1084	-0.5315	0.0027	199.5850	-155.7617	-59.1431
-0.9877	-0.4948	-0.0343	184.8755	-139.4653	-62.0728
-0.9072	-0.4403	-0.1140	172.4243	-133.6670	-67.6880
-0.8883	-0.3838	-0.2169	161.1328	-138.6108	-75.6836
-0.9288	-0.3069	-0.2773	149.7192	-149.9634	-83.9844
-1.0159	-0.2504	-0.3230	140.1978	-163.8794	-88.6230
-1.0708	-0.2485	-0.3287	131.0425	-171.8140	-89.2334
-1.1277	-0.2936	-0.3475	121.0327	-169.3726	-89.1113
-1.1603	-0.3351	-0.3905	108.1543	-157.8369	-88.2568
-1.1227	-0.3414	-0.3981	91.6138	-136.7187	-84.7168
-1.0854	-0.3252	-0.4224	73.9136	-115.1123	-83.9233
-1.0476	-0.2710	-0.4456	55.2368	-102.8442	-85.6323
-1.0142	-0.1677	-0.4205	38.1470	-90.8813	-82.2144
-1.0339	-0.0348	-0.3983	27.5879	-80.9326	-76.0498
-1.0895	0.0488	-0.3843	24.7803	-71.7163	-67.3218
-1.1139	0.0549	-0.3655	25.9399	-58.1665	-59.0820
-1.1069	0.0198	-0.3693	27.4658	-40.1001	-53.4058
-1.0842	-0.0219	-0.3976	26.4282	-20.5688	-49.7437
-1.0366	-0.0514	-0.3983	20.5078	-3.1738	-46.9360
-0.9938	-0.0659	-0.3860	10.2539	8.8501	-45.5322
-0.9888	-0.0911	-0.3525	-2.6245	17.3950	-45.2271
-1.0142	-0.1620	-0.3110	-18.7988	24.5972	-46.0815
-1.0448	-0.2521	-0.2865	-38.9404	32.7148	-47.2412
-1.0785	-0.2872	-0.2750	-61.7676	43.5791	-47.9126
-1.1150	-0.2791	-0.2668	-84.7168	56.9458	-49.3774
-1.1190	-0.2380	-0.2369	-107.2388	72.5098	-52.6123
-1.0789	-0.1554	-0.1669	-126.6479	86.9141	-54.8096
-1.0322	-0.0978	-0.1298	-139.1602	94.7876	-56.4575
-1.0187	-0.0150	-0.0963	-147.2778	97.4731	-56.5186
-1.0337	0.0736	-0.0571	-151.6113	96.9849	-49.7437
-1.0862	0.0768	-0.0278	-151.3062	97.2290	-42.0532
-1.1433	0.0192	-0.0220	-150.9399	104.1870	-35.4614
-1.1549	-0.0283	-0.0192	-152.9541	116.5161	-29.6021
-1.1355	-0.0734	-0.0262	-157.5317	129.5776	-28.9917
-1.1091	-0.1210	-0.0314	-165.4053	144.5923	-32.2266
-1.0962	-0.1707	-0.0748	-177.4292	159.9731	-37.2314
-1.0610	-0.1956	-0.1040	-195.5566	175.7812	-43.1519
-1.0670	-0.0458	-0.0219	-218.1396	191.8945	-45.7153
-1.0511	0.2267	0.0166	-229.9805	202.5146	-38.6963
-0.9415	0.3705	0.0442	-223.6938	205.3223	-22.7661
-0.8157	0.3877	0.1237	-212.5244	206.7261	-2.0752
-0.7593	0.3391	0.1823	-196.7773	207.0312	16.6016
-0.7582	0.2666	0.2157	-177.8564	200.9888	25.8789
-0.7697	0.1791	0.2478	-159.6680	188.3545	21.4844
-0.7775	0.1096	0.2778	-144.7754	173.5840	8.0566
-0.7845	0.0773	0.2943	-134.3994	158.3862	-7.1411
-0.7721	0.0555	0.3129	-129.4556	146.2402	-23.9258
-0.7850	0.0449	0.3180	-129.3335	136.1084	-43.0908
-0.8577	0.0782	0.3270	-132.9346	127.0752	-60.8521
-0.9642	0.1338	0.3512	-137.2070	122.0093	-72.8760
-1.0576	0.1842	0.3776	-141.3574	124.2676	-77.3315
-1.0665	0.2007	0.3868	-144.5312	131.6528	-74.3408
-1.0157	0.2052	0.3809	-146.7896	141.7847	-68.6035
-0.9678	0.2078	0.3743	-151.4893	152.2827	-63.7817
-0.9341	0.2345	0.3798	-157.8369	160.3394	-59.2651
-0.8901	0.2609	0.3956	-164.7949	162.1704	-54.9927
-0.8369	0.2677	0.4281	-171.3867	158.0200	-53.2837
-0.8191	0.3054	0.4961	-176.7578	149.9023	-55.1147
-0.8549	0.3555	0.5366	-176.5747	140.2588	-56.8848
-0.8633	0.3657	0.5548	-172.5464	133.9722	-57.9834
-0.8237	0.3662	0.5679	-168.2129	132.5073	-61.0962
-0.7537	0.3899	0.5901	-164.5508	132.9346	-65.7959
-0.7073	0.4318	0.6195	-160.5835	128.9062	-72.0215
-0.6226	0.4353	0.6265	-155.4565	105.7129	-80.5054
-0.5729	0.5042	0.6432	-148.6206	98.2666	-98.8770
-0.5911	0.5292	0.6458	-139.7705	90.9424	-102.2949
-0.6453	0.5604	0.6591	-129.4556	84.5947	-108.9478
-0.7095	0.5975	0.6827	-117.3706	84.1675	-111.2061
-0.7549	0.6227	0.6833	-101.1963	87.8296	-106.1401
-0.7239	0.5967	0.6638	-82.8247	86.7920	-98.6328
-0.7061	0.6019	0.6492	-65.1855	97.0459	-97.6563
-0.7041	0.6082	0.6460	-49.7437	110.7178	-92.5293
-0.6530	0.5769	0.6304	-35.5835	108.5205	-86.4868
-0.5673	0.5603	0.5983	-23.3765	103.0884	-90.3320
-0.5300	0.5852	0.5710	-16.5405	105.1636	-95.5811
-0.5441	0.5791	0.5725	-13.6719	108.3374	-95.3979
-0.5902	0.5854	0.5908	-13.1836	110.5957	-96.7407
-0.6132	0.5892	0.6017	-12.8784	107.6660	-94.6655
-0.5909	0.5908	0.6124	-10.4370	110.2295	-95.1538
-0.5562	0.6052	0.6237	-5.4321	119.3237	-93.3838
-0.4955	0.6146	0.6294	1.2207	125.9766	-89.6606
-0.4431	0.5876	0.6255	10.0098	128.4180	-87.5244
-0.3909	0.5740	0.6230	19.2871	129.4556	-86.4868
-0.3691	0.5829	0.6437	28.0762	129.0283	-86.6089
-0.3529	0.5874	0.6464	37.3535	128.5400	-89.2944
-0.3639	0.5964	0.6487	47.7905	125.5493	-90.0269
-0.4058	0.6052	0.6454	58.8379	125.0000	-87.8906
-0.4192	0.6248	0.6803	71.9604	131.0425	-84.8999
-0.4092	0.6268	0.7006	86.7920	140.1367	-79.8340
-0.2946	0.5876	0.7069	103.6377	150.8789	-74.2188
-0.1720	0.5627	0.7113	120.4834	156.1890	-71.2891
-0.1183	0.5558	0.7350	135.8032	155.0903	-71.4111
-0.1056	0.5498	0.7449	150.2075	149.6582	-70.3735
-0.0680	0.5339	0.7560	160.8887	139.4043	-67.2607
0.0192	0.4967	0.7529	166.7480	122.6807	-63.1714
0.0856	0.4434	0.7794	167.3584	97.2290	-59.3872
0.0852	0.4235	0.8105	165.9546	67.6270	-56.7017
0.0378	0.4292	0.8319	165.2832	37.2314	-51.3306
0.0070	0.4183	0.8511	165.1001	5.7373	-44.2505
-0.0143	0.4005	0.8624	165.8325	-18.7988	-39.9780
-0.0487	0.3784	0.8658	167.6025	-36.8042	-36.5601
-0.1193	0.3436	0.8695	169.1895	-50.4150	-34.5459
-0.1949	0.3033	0.8944	168.6401	-57.4951	-36.6821
-0.2335	0.2924	0.9160	165.6494	-57.7393	-39.0625
-0.2367	0.2729	0.9122	162.9028	-56.1523	-41.1987
-0.2533	0.2540	0.9546	160.3394	-51.6357	-44.4946
-0.2050	0.2471	0.9967	158.3862	-48.5229	-44.7998
-0.1230	0.2187	0.9846	157.2876	-47.3633	-45.1050
-0.0851	0.2057	1.0314	154.9072	-50.1709	-47.1191
-0.1007	0.1877	1.0460	154.2969	-62.9883	-48.7061
-0.1561	0.1372	1.0376	155.2124	-79.9561	-52.7344
-0.2041	0.0851	0.9822	153.1982	-95.5811	-57.6782
-0.2113	0.0735	0.9426	148.8647	-102.6611	-66.4673
-0.1805	0.0986	0.9707	143.9819	-104.2480	-74.6460
-0.1677	0.1074	0.9878	139.1602	-104.6753	-81.7871
-0.1678	0.0898	0.9541	136.2915	-107.3608	-90.2100
-0.2065	0.0753	0.9255	134.7046	-118.0420	-97.5342
-0.2081	0.0461	0.9011	131.2256	-131.7139	-105.7739
-0.2216	0.0389	0.8767	127.4414	-142.3340	-114.9292
-0.3147	0.0441	0.8470	124.3286	-149.5361	-124.3896
-0.4878	0.0479	0.8269	120.1172	-146.4844	-132.6904
-0.5388	0.0488	0.8317	115.9058	-135.4980	-134.6436
-0.5096	0.0339	0.8427	111.1450	-117.9810	-132.7515
-0.4860	0.0319	0.8217	105.7739	-98.4497	-129.8218
-0.4552	0.0460	0.8243	100.1587	-85.0220	-125.5493
-0.3955	0.0529	0.8317	94.5435	-81.5430	-119.8120
-0.3339	0.0521	0.8405	90.2710	-88.4399	-115.0513
-0.3009	0.0537	0.8207	88.0737	-104.1870	-114.0137
-0.2979	0.0721	0.7787	88.3179	-123.9014	-117.0654
-0.3229	0.0923	0.7679	89.8438	-145.6909	-122.3145
-0.3656	0.1067	0.7484	93.3838	-164.4897	-129.0283
-0.3942	0.1038	0.7218	98.6938	-179.9927	-137.8174
-0.3972	0.0753	0.6871	103.7598	-192.3828	-148.8037
-0.4122	0.0348	0.6409	105.2856	-201.6602	-162.1094
-0.4482	0.0217	0.5999	101.8677	-210.5103	-176.3916
-0.4922	0.0554	0.5623	96.0083	-219.7876	-190.6738
-0.5719	0.0935	0.5283	90.6372	-228.3936	-203.5522
-0.6293	0.1138	0.4904	84.2285	-235.2905	-213.8062
-0.6746	0.1549	0.4521	78.4912	-239.1357	-221.6187
-0.6964	0.1906	0.4270	73.8525	-242.6147	-227.2949
-0.6957	0.2170	0.3879	69.3359	-246.1548	-230.2856
-0.7332	0.2385	0.3273	65.0635	-251.4648	-233.9478
-0.7914	0.2441	0.2758	59.6313	-257.3853	-236.9995
-0.8418	0.3154	0.2206	53.4058	-260.1929	-238.0981
-0.8750	0.3835	0.1926	49.3164	-260.9253	-237.1826
-0.8884	0.4186	0.1666	45.4102	-257.9956	-234.1919
-0.9633	0.4417	0.1381	42.2974	-249.2065	-229.5532
-0.9839	0.4614	0.0951	38.6963	-235.8398	-222.2900
-1.0071	0.4941	0.0511	35.0952	-219.2993	-211.9141
-1.0381	0.5197	0.0074	31.3110	-199.2187	-198.7915
-1.0435	0.5216	-0.0323	26.8555	-176.2695	-182.8613
-1.0070	0.5256	-0.0544	20.2637	-152.6489	-166.7480
-0.9828	0.5298	-0.0809	13.1226	-132.6904	-150.8179
-0.9958	0.5294	-0.0931	4.6387	-115.0513	-135.8032
-1.0039	0.5612	-0.0940	-3.2959	-96.4355	-122.0703
-0.9917	0.6077	-0.0881	-9.3994	-76.5991	-109.3750
-0.9751	0.6140	-0.0808	-14.3433	-56.0303	-96.2524
-0.9720	0.5972	-0.0865	-18.9209	-34.8511	-82.4585
-0.9557	0.5809	-0.0718	-23.5596	-13.6719	-68.5425
-0.9099	0.5850	-0.0646	-28.2593	4.5166	-55.1758
-0.8691	0.6106	-0.0541	-32.0435	18.2495	-42.7856
-0.8511	0.6403	-0.0479	-34.0576	25.8789	-31.0669
-0.8597	0.6530	-0.0450	-33.9355	30.0903	-20.9351
-0.8719	0.6606	-0.0367	-33.8745	33.7524	-13.0005
-0.8672	0.6344	-0.0247	-34.3628	39.4897	-6.5308
-0.8616	0.5779	-0.0206	-36.3159	45.5933	-2.1362
-0.8597	0.5502	-0.0392	-40.7104	50.5981	0.4883
-0.8845	0.5541	-0.0300	-47.4243	52.4292	0.9155
-0.8352	0.6262	0.0004	-55.7251	42.4194	-1.3428
-0.8348	0.6058	0.0376	-58.2886	37.2314	7.6904
-0.8546	0.5732	0.0457	-56.8237	46.7529	-5.1880
-0.8007	0.6609	0.0447	-57.6782	42.5415	2.9297
-0.7972	0.6660	0.0411	-57.1899	40.8936	11.2305
-0.8126	0.6454	0.0361	-56.9458	37.7808	12.3901
-0.8379	0.6533	0.0005	-57.4951	34.9731	14.4653
-0.8857	0.5527	-0.0022	-61.2793	37.8418	15.9912
-0.9197	0.4707	0.0181	-70.1294	41.5649	17.7002
-0.9084	0.4612	0.0250	-80.3833	44.0674	18.6768
-0.8843	0.4628	0.0413	-91.2476	47.3022	18.3716
-0.8561	0.4858	0.0613	-100.5249	50.2319	18.6157
-0.8070	0.5468	0.0634	-106.9336	50.1709	20.0806
-0.7920	0.6228	0.0846	-108.2764	45.1050	22.0337
-0.8092	0.6844	0.1050	-103.7598	37.4756	25.5737
-0.8276	0.6862	0.1287	-94.2993	33.9355	27.8931
-0.8481	0.6239	0.1482	-83.8623	37.1704	27.4658
-0.8793	0.5521	0.1420	-76.1719	44.0674	26.0010
-0.9066	0.4622	0.1294	-73.5474	50.2930	23.8037
-0.9098	0.4064	0.1383	-76.9653	55.7861	22.8271
-0.8884	0.4004	0.1326	-83.4961	59.1431	23.7427
-0.8507	0.4229	0.1183	-91.4917	59.9976	24.9634
-0.8300	0.4779	0.1298	-98.2666	58.5327	26.7944
-0.8262	0.5493	0.1510	-100.5249	54.1382	29.2358
-0.8118	0.5946	0.1522	-97.5952	50.2930	31.7993
-0.8009	0.5907	0.1388	-91.3086	47.3633	33.3252
-0.8206	0.5634	0.1324	-85.2051	45.8374	35.2173
-0.8618	0.5276	0.1376	-80.2612	47.4243	37.4146
-0.9091	0.4232	0.1654	-79.4678	58.8989	39.7949
-0.9181	0.3666	0.1852	-82.6416	65.7959	36.4990
-0.8940	0.3933	0.2135	-86.9751	73.0591	37.2314
-0.8761	0.4010	0.2347	-89.7827	79.4067	39.5508
-0.8425	0.4125	0.2415	-90.2710	83.5571	41.7480
-0.8016	0.4426	0.2292	-88.3789	84.4116	45.1050
-0.7725	0.4590	0.2122	-85.2661	84.2285	48.0347
-0.7721	0.4559	0.2187	-80.9326	82.2754	49.4995
-0.8007	0.4259	0.2401	-76.1108	80.8716	49.6826
-0.8065	0.3883	0.2410	-71.9604	80.9326	47.9126
-0.7700	0.3566	0.2367	-70.4956	83.5571	43.7012
-0.7405	0.3636	0.2412	-71.2280	84.9609	38.5132
-0.7410	0.3719	0.2551	-71.7773	84.4116	33.5693
-0.7275	0.3682	0.2567	-71.8384	83.8013	29.3579
-0.7047	0.3844	0.2531	-70.9839	81.1768	25.0244
-0.7303	0.4193	0.2478	-68.9697	75.3784	21.3623
-0.7771	0.4268	0.2344	-65.6738	71.1670	20.2026
-0.8004	0.3763	0.2360	-64.2090	71.2891	20.1416
-0.8302	0.3688	0.2545	-65.6738	74.0356	20.6909
-0.8358	0.3862	0.2714	-67.2607	78.8574	21.8506
-0.8051	0.3831	0.2694	-68.6646	85.1440	23.0103
-0.7853	0.3964	0.2649	-69.8242	89.9658	24.4141
-0.7656	0.4056	0.2598	-70.0684	92.8345	25.6958
-0.7279	0.3928	0.2651	-70.4956	95.5200	25.6348
-0.7031	0.3467	0.2191	-73.6084	98.9380	23.4375
-0.7118	0.3422	0.1904	-81.1768	100.7690	20.8740
-0.7330	0.3461	0.1904	-91.3696	99.1821	21.6064
-0.7233	0.3243	0.1635	-102.7222	100.4639	20.6909
-0.7162	0.4016	0.1964	-113.7695	105.0415	18.7988
-0.7570	0.5333	0.3051	-117.0044	108.5205	17.8223
-0.8268	0.5643	0.3688	-109.3140	117.6758	14.4043
-0.7942	0.5312	0.3827	-96.5576	132.2021	11.9629
-0.7196	0.4963	0.3650	-85.8765	146.3623	12.3291
-0.6807	0.4727	0.3773	-79.7729	158.2031	13.7329
-0.6511	0.4441	0.4004	-78.5522	165.5273	16.4185
-0.6157	0.4095	0.3960	-82.8857	168.4570	16.7847
-0.5634	0.3866	0.3669	-92.5903	165.8936	15.1978
-0.5109	0.3928	0.2747	-106.5063	159.3628	12.1460
-0.5634	0.5015	0.3029	-119.9951	152.2217	6.7139
-0.6095	0.6342	0.4154	-122.9858	147.7051	2.4414
-0.6450	0.7142	0.5400	-112.7930	152.8931	-2.0142
-0.7007	0.7369	0.6368	-91.5527	163.8184	-2.0752
-0.6556	0.6843	0.6473	-65.0024	177.4292	4.1504
-0.5669	0.6281	0.6550	-42.8467	188.3545	14.4653
-0.5408	0.6134	0.6758	-27.0996	192.0166	23.6206
-0.5383	0.6171	0.7064	-15.5640	190.0024	31.4331
-0.5303	0.6035	0.7227	-6.4697	184.2041	34.8511
-0.5021	0.5669	0.7119	-0.6714	178.9551	35.2783
-0.4508	0.5243	0.6768	0.4883	173.7061	34.6069
-0.3938	0.5106	0.6359	-3.9673	164.9780	31.6162
-0.3606	0.5476	0.6545	-10.7422	152.9541	25.1465
-0.4076	0.6201	0.7329	-14.5264	147.5220	16.7847
-0.4043	0.6458	0.7815	-13.7329	130.7373	13.0005
-0.3905	0.6399	0.8118	-9.0942	116.5161	7.8735
-0.3949	0.6273	0.8392	-2.4414	108.0322	3.4790
-0.3809	0.6136	0.8589	4.8828	102.2949	2.5635
-0.3428	0.5887	0.8595	11.7798	95.7031	3.9062
-0.3181	0.5521	0.8497	16.7847	88.6230	4.6387
-0.2920	0.5160	0.8214	19.1040	80.6274	4.6997
-0.2579	0.4797	0.7539	18.2495	72.2656	4.8218
-0.2450	0.4752	0.7078	13.7329	62.5000	3.9062
-0.2898	0.4966	0.7137	8.4839	52.1240	2.5635
-0.3495	0.5210	0.7239	4.9438	43.9453	1.4038
-0.3724	0.5267	0.7209	2.9907	39.2456	0.6714
-0.3759	0.5088	0.7216	1.9531	39.0625	0.5493
-0.3536	0.4894	0.7352	1.1597	42.7856	1.1597
-0.3314	0.4795	0.7347	0.7324	47.4243	0.9766
-0.3416	0.4978	0.7472	-0.7324	51.0864	0.7935
-0.3337	0.4971	0.7125	-1.5869	52.1240	1.5869
-0.2819	0.4851	0.6814	-2.5024	50.4761	2.6245
-0.2357	0.4836	0.6868	-5.1880	45.8374	1.8921
-0.2500	0.5015	0.7073	-7.3853	39.7339	-1.5869
-0.3202	0.5138	0.7212	-8.0566	35.0342	-6.4697
-0.3652	0.5049	0.7242	-8.2397	32.9590	-11.7187
-0.3737	0.4951	0.7435	-9.1553	33.6914	-17.5781
-0.3613	0.4906	0.7659	-10.8032	35.4614	-22.5830
-0.3503	0.4922	0.7617	-13.2446	36.9263	-25.5127
-0.3319	0.4846	0.7385	-16.6016	38.2690	-27.8931
-0.3025	0.4752	0.7168	-21.7896	39.3677	-30.0293
-0.2668	0.4797	0.7064	-28.9307	38.2690	-31.2500
-0.2294	0.4985	0.6761	-35.2783	33.6304	-32.5928
-0.1877	0.5093	0.6294	-41.3818	24.9634	-33.9966
-0.1669	0.5188	0.6135	-49.1333	13.4888	-35.2173
-0.1877	0.5421	0.6182	-57.0068	0.1221	-36.9263
-0.2374	0.5642	0.6276	-62.3779	-12.1460	-38.3911
-0.2727	0.5762	0.6510	-67.2607	-21.3013	-39.4287
-0.2867	0.5876	0.6757	-69.9463	-26.6724	-41.5649
-0.2972	0.6151	0.6976	-70.6787	-29.2358	-44.6167
-0.3213	0.6399	0.6990	-69.8242	-30.5786	-47.1191
-0.3362	0.6429	0.6912	-68.1152	-31.8604	-45.9595
-0.3356	0.6603	0.7009	-67.6880	-33.4473	-43.5791
-0.3660	0.6920	0.6779	-65.4297	-36.4990	-40.4053
-0.3868	0.7036	0.6599	-61.2183	-37.9028	-33.3862
-0.3837	0.7089	0.6464	-55.8472	-35.9497	-25.7568
-0.3673	0.7134	0.6331	-49.3164	-30.7617	-19.4702
-0.3483	0.7094	0.6300	-42.9077	-24.5361	-15.9912
-0.3290	0.6989	0.6151	-36.4990	-22.0337	-15.4419
-0.3119	0.6808	0.5996	-31.6772	-24.4751	-14.7705
-0.2972	0.6727	0.6038	-29.1748	-31.7993	-13.9771
-0.2849	0.6777	0.6094	-27.5879	-41.8701	-12.1460
-0.2845	0.6807	0.6025	-26.1841	-54.6875	-10.0708
-0.2932	0.6798	0.5846	-25.7568	-67.8101	-7.7515
-0.3312	0.6925	0.5707	-26.8555	-80.5054	-4.6997
-0.3802	0.7006	0.5659	-27.9541	-91.4307	0.7324
-0.4252	0.7076	0.5575	-28.2593	-99.5483	8.6060
-0.4513	0.7061	0.5493	-27.9541	-105.2856	18.4937
-0.4591	0.7070	0.5442	-27.5879	-108.4595	28.8696
-0.4598	0.7047	0.5353	-26.8555	-110.2905	37.2314
-0.4744	0.7150	0.5271	-26.4893	-111.3281	43.4570
-0.5060	0.7214	0.5330	-25.5737	-112.3657	47.9126
-0.5353	0.7301	0.5399	-22.7661	-112.3047	50.1099
-0.5726	0.7401	0.5315	-19.1650	-112.3657	51.3306
-0.5973	0.7355	0.5245	-15.2588	-111.3892	52.9785
-0.5774	0.7118	0.5095	-12.5732	-109.8633	56.2744
-0.5762	0.6818	0.4844	-10.9253	-110.5957	58.2886
-0.6094	0.6672	0.4525	-10.4980	-113.8306	58.1665
-0.6560	0.6552	0.4438	-12.1460	-117.9199	57.2510
-0.7021	0.6604	0.4675	-14.5264	-121.7041	54.9927
-0.7253	0.6770	0.4868	-14.7705	-123.2300	51.5137
-0.7418	0.6915	0.4886	-12.2681	-122.7417	47.9126
-0.7555	0.6841	0.4846	-8.4229	-120.1172	44.9829
-0.7699	0.6694	0.4786	-3.4790	-115.9058	41.9312
-0.7841	0.6674	0.4619	0.6714	-111.0840	39.6729
-0.8036	0.6465	0.4303	3.7231	-106.7505	38.6963
-0.8251	0.6342	0.3778	3.2959	-101.8677	37.1704
-0.8577	0.6281	0.3478	-1.6479	-97.5952	36.0107
-0.8691	0.6134	0.3505	-8.6060	-94.3604	36.6821
-0.8711	0.6176	0.3502	-13.6719	-91.0034	39.8560
-0.8435	0.6204	0.3314	-15.0146	-86.7310	43.4570
-0.8048	0.6083	0.3124	-13.9160	-83.4351	46.0205
-0.7931	0.5929	0.2888	-12.3901	-83.1909	47.2412
-0.8009	0.5862	0.2582	-10.8643	-85.3882	47.7295
-0.8230	0.5762	0.2238	-9.3994	-89.8438	47.4854
-0.8406	0.5865	0.2034	-9.8877	-94.6045	46.6919
-0.8623	0.5862	0.1971	-11.2915	-98.6938	45.0439
-0.8757	0.5813	0.1953	-13.9771	-99.2432	42.2363
-0.8948	0.5642	0.1859	-17.5171	-97.2900	42.9077
-0.9055	0.5487	0.1698	-21.5454	-94.1162	43.7012
-0.9169	0.5435	0.1586	-26.3062	-90.6982	45.1050
-0.9323	0.5459	0.1561	-31.7993	-86.6089	46.8140
-0.9469	0.5458	0.1498	-36.1938	-81.7261	47.7905
-1.0068	0.5636	0.1615	-39.6118	-75.7446	48.5840
-1.0972	0.6113	0.1917	-39.8560	-66.6504	51.9409
-1.1282	0.6128	0.2028	-34.5459	-54.9316	58.5327
-1.0759	0.6029	0.2015	-25.5737	-40.9546	65.0635
-1.0116	0.6006	0.1904	-15.0146	-28.5034	69.7632
-0.9814	0.5710	0.1732	-2.8076	-19.0430	72.8760
-0.9885	0.5776	0.1700	8.3618	-12.6343	69.5190
-1.0150	0.5596	0.1659	20.3247	-7.8735	69.2749
-1.0111	0.5347	0.1423	30.2734	-3.6011	66.4673
-0.9856	0.5038	0.1180	37.4146	2.8687	63.8428
-0.9547	0.4858	0.1112	41.3818	8.1177	62.6221
-0.9241	0.4697	0.1134	42.8467	11.2915	59.9976
-0.8950	0.4569	0.1208	43.2129	12.3291	57.0679
-0.8993	0.4542	0.1221	43.5181	11.9019	54.0771
-0.9200	0.4506	0.1349	44.1895	9.0332	50.5371
-0.9358	0.4384	0.1450	44.7998	4.0283	47.1191
-0.9618	0.4270	0.1422	45.6543	-1.5259	43.0908
-0.9789	0.4130	0.1405	46.8140	-6.1035	39.0015
-0.9839	0.3956	0.1383	48.2788	-10.0708	36.0107
-0.9957	0.3976	0.1298	49.3164	-12.2681	34.1187
-0.9869	0.4038	0.1044	49.9268	-11.5967	34.7900
-0.9501	0.3762	0.0825	50.1709	-10.1929	37.8418
-0.8898	0.3424	0.0656	48.6450	-13.4888	41.9922
-0.8912	0.3459	0.0742	44.9219	-25.8179	43.5181
-0.9238	0.3540	0.0996	41.9922	-40.3442	44.7998
-0.9301	0.3571	0.1088	42.9688	-55.4810	46.9971
-0.9182	0.3616	0.1189	45.7764	-69.7021	45.7764
-0.8917	0.3329	0.1166	49.0112	-80.5664	44.0063
-0.8569	0.3047	0.1019	52.3682	-89.5996	41.0156
-0.8413	0.2916	0.0867	54.1382	-95.7642	37.0483
-0.8586	0.2816	0.0736	54.6875	-101.7456	34.7290
-0.8942	0.2877	0.0668	54.8096	-105.1636	32.5317
-0.9137	0.2916	0.0573	54.8706	-102.9053	30.6396
-0.9285	0.3009	0.0538	55.4199	-96.5576	31.0669
-0.9398	0.2994	0.0406	56.3965	-87.9517	31.6772
-0.9567	0.2908	0.0194	56.5796	-76.1719	31.9214
-0.9969	0.3284	0.0005	56.0303	-61.8896	32.8979
-1.0431	0.3678	-0.0035	57.7393	-46.2036	31.3110
-1.0441	0.3374	-0.0024	61.4624	-29.9072	27.8931
-0.9827	0.2627	-0.0038	63.9648	-13.4888	28.1372
-0.8928	0.2050	0.0005	63.9038	0.3662	31.1279
-0.8229	0.1803	-0.0018	60.5469	11.5356	33.8745
-0.7749	0.1783	0.0004	55.7251	20.0806	38.3911
-0.7456	0.1837	0.0183	50.0488	23.1934	40.4053
-0.7187	0.1667	0.0206	45.3491	23.3765	40.8325
-0.7213	0.1627	0.0238	41.7480	21.8506	42.9688
-0.7484	0.1836	0.0270	38.1470	19.4092	45.2881
-0.7517	0.1582	0.0237	34.9731	19.4702	47.6074
-0.7328	0.1379	0.0289	30.6396	20.8740	49.7437
-0.7297	0.1390	0.0392	25.5737	20.9961	50.9644
-0.7524	0.1422	0.0548	21.1182	19.7144	53.4058
-0.7518	0.1304	0.0447	18.7378	17.8223	58.7158
-0.7551	0.1232	0.0341	15.7471	16.9678	65.7959
-0.7719	0.1082	0.0269	11.1694	17.5171	74.0967
-0.7821	0.0944	0.0325	5.0659	18.5547	80.5054
-0.7725	0.0693	0.0359	-1.8311	19.2871	83.1299
-0.7614	0.0581	0.0343	-8.9722	18.0664	83.4961
-0.7571	0.0774	0.0372	-15.9912	15.5640	80.6885
-0.7695	0.0925	0.0398	-21.3623	12.1460	75.8057
-0.7971	0.0820	0.0336	-24.7803	9.2773	74.0356
-0.8422	0.0717	0.0190	-26.7334	7.5073	75.3174
-0.8938	0.0582	-0.0223	-29.3579	9.2773	80.3833
-0.9436	0.0244	-0.0554	-35.5225	14.5874	86.4868
-0.9709	-0.0137	-0.0479	-45.1050	22.0947	90.0879
-0.9655	-0.0273	-0.0098	-55.5420	30.0903	89.1113
-0.9271	-0.0170	0.0295	-63.4766	39.1235	82.3364
-0.8727	-0.0155	0.0725	-67.1997	49.3164	74.0967
-0.8246	-0.0133	0.1044	-66.7114	57.6782	64.4531
-0.8063	-0.0029	0.1251	-61.7676	61.7065	53.7109
-0.8218	-0.0016	0.1305	-53.9551	62.9883	45.1660
-0.8527	-0.0035	0.1088	-43.7012	64.8804	42.2363
-0.8759	-0.0354	0.0695	-33.8135	71.0449	42.5415
-0.8511	-0.0928	0.0552	-28.8696	81.5430	37.4146
-0.8834	-0.0918	0.0546	-29.3579	89.6606	24.8413
-0.9669	-0.0747	0.0831	-32.2876	102.2949	12.2681
-1.0142	-0.0851	0.1074	-34.1187	119.3237	0.8545
-0.9932	-0.0946	0.1233	-36.2549	137.5122	-9.2773
-0.9327	-0.1075	0.1188	-39.1235	153.4424	-14.5264
-0.9058	-0.1075	0.1205	-43.8232	165.8936	-16.9067
-0.9143	-0.0931	0.1447	-50.1099	175.4761	-22.8271
-0.9149	-0.0557	0.1882	-55.6641	178.4668	-30.0293
-0.9351	-0.0209	0.2334	-57.4951	181.0303	-35.0342
-0.9546	-0.0144	0.2415	-55.9082	185.7910	-39.8560
-0.8961	-0.0308	0.2716	-54.3213	188.9648	-42.2363
-0.8375	-0.0259	0.3020	-54.6265	188.7817	-46.9360
-0.7908	-0.0208	0.3464	-55.4199	182.6172	-50.5371
-0.7187	-0.0304	0.3932	-56.7017	171.8140	-52.2461
-0.6979	-0.0159	0.4501	-58.1055	159.1187	-54.5654
-0.6636	-0.0021	0.5051	-58.5327	143.6157	-51.8188
-0.6362	0.0022	0.5249	-56.5186	129.0283	-49.5605
-0.6565	0.0211	0.5454	-54.9927	114.6851	-50.5371
-0.7106	0.0427	0.5568	-53.7109	102.8442	-50.6592
-0.7391	0.0562	0.5779	-52.8564	93.7500	-49.9878
-0.7388	0.0781	0.5890	-51.5747	90.2100	-49.6826
-0.7253	0.0887	0.6040	-50.5371	90.5151	-48.2788
-0.7051	0.1085	0.6152	-50.7202	91.1255	-46.8750
-0.6671	0.1232	0.6213	-50.7813	88.5620	-44.0674
-0.6346	0.1312	0.6411	-50.9033	85.0220	-41.6870
-0.6194	0.1477	0.6534	-51.0864	79.0405	-40.5884
-0.5974	0.1702	0.6887	-49.9268	70.5566	-38.3911
-0.6326	0.2024	0.7168	-46.6919	61.6455	-34.7900
-0.6492	0.2168	0.7328	-42.0532	54.2603	-32.3486
-0.6641	0.2396	0.7402	-36.4990	50.2319	-30.0293
-0.6825	0.2531	0.7545	-30.5786	47.5464	-25.3906
-0.6329	0.2424	0.7588	-23.9868	44.6167	-19.6533
-0.5874	0.2443	0.7496	-18.8599	41.0767	-14.7705
-0.5800	0.2421	0.7474	-14.3433	35.5835	-11.2305
-0.5859	0.2391	0.7405	-10.4370	29.2969	-8.6060
-0.5862	0.2426	0.7407	-6.8970	22.7051	-6.8970
-0.6023	0.2388	0.7389	-3.7231	16.7847	-5.3711
-0.6306	0.2533	0.7332	-0.8545	12.0850	-5.3101
-0.6946	0.2738	0.7238	2.8076	11.3525	-5.6152
-0.7404	0.2706	0.7187	6.5308	14.0991	-5.7373
-0.7528	0.2668	0.7135	9.9487	21.5454	-6.2866
-0.7400	0.2650	0.7117	12.9395	30.0903	-6.7139
-0.7195	0.2623	0.7108	14.9536	38.5742	-7.5684
-0.6749	0.2443	0.6995	15.1367	45.5933	-9.0332
-0.6354	0.2369	0.7029	15.1978	48.6450	-9.6436
-0.6156	0.2488	0.7131	15.0146	50.4761	-10.9863
-0.5964	0.2560	0.7284	15.6250	51.0864	-12.5122
-0.5726	0.2518	0.7322	18.1885	50.3540	-12.5732
-0.5450	0.2432	0.7285	21.6064	49.4385	-11.9629
-0.5520	0.2506	0.7261	24.6582	48.3398	-12.2681
-0.5669	0.2458	0.7216	27.3438	47.7905	-12.5732
-0.5599	0.2341	0.7207	29.6631	50.0488	-12.0850
-0.5432	0.2383	0.7269	31.4941	54.5044	-12.1460
-0.5177	0.2343	0.7277	33.3252	60.6689	-11.6577
-0.4983	0.2441	0.7468	35.3394	66.7725	-10.0708
-0.5129	0.2704	0.7699	38.9404	72.5708	-7.4463
-0.4802	0.2555	0.7867	43.7012	79.0405	-4.0283
-0.3966	0.2316	0.8080	49.3774	82.8247	-2.2583
-0.3179	0.2197	0.8270	55.1147	80.7495	-2.9297
-0.2864	0.2180	0.8451	60.8521	71.6553	-5.0659
-0.2946	0.2036	0.8531	65.2466	59.8145	-7.9346
-0.3087	0.1907	0.8607	68.9697	48.2788	-9.6436
-0.3210	0.1969	0.8790	72.5708	37.8418	-9.1553
-0.3241	0.1729	0.8636	78.0640	28.6255	-6.1646
-0.2897	0.1345	0.8397	83.2520	21.7285	-3.6621
-0.2612	0.1144	0.8279	89.2944	13.3057	-3.4180
-0.2826	0.1050	0.8257	96.1914	5.5542	-4.1504
-0.3292	0.1093	0.8505	104.3091	1.7090	-4.7607
-0.3339	0.1260	0.8722	115.1123	-0.4883	-3.4180
-0.2744	0.1173	0.8860	126.6479	-0.9155	0.7324
-0.2458	0.1158	0.8944	140.1367	-1.8921	3.1128
-0.1903	0.0780	0.8711	155.8228	-9.4604	3.9062
-0.1926	0.0604	0.8182	171.1426	-22.0947	2.0752
-0.1932	0.0286	0.7681	184.9365	-20.2637	2.6855
-0.1721	-0.0555	0.7273	194.0918	-26.4893	4.2725
-0.1932	-0.0983	0.7092	196.4111	-41.7480	-5.7373
-0.2290	-0.1145	0.6881	196.0449	-57.0679	-13.3057
-0.2418	-0.1608	0.6957	193.8477	-67.3828	-17.5171
-0.3491	-0.2170	0.7334	186.8896	-66.7114	-26.4282
-0.4596	-0.2544	0.8077	176.6357	-62.5000	-36.6821
-0.5006	-0.2672	0.8354	167.7856	-54.9316	-40.8936
-0.4541	-0.2902	0.8152	161.7432	-49.0723	-39.3677
-0.4128	-0.3284	0.7764	155.7617	-45.1050	-36.4990
-0.4087	-0.3611	0.7351	148.6206	-42.6025	-36.4990
-0.4021	-0.3745	0.7068	143.0664	-44.4946	-40.7715
-0.3486	-0.3905	0.7095	138.7939	-52.1240	-47.7295
-0.3468	-0.3976	0.6991	135.2539	-63.7207	-58.5938
-0.3699	-0.4032	0.6780	131.5918	-80.4443	-70.9839
-0.4258	-0.4174	0.6746	126.8921	-101.8677	-83.7402
-0.5583	-0.4410	0.6660	120.9717	-122.0703	-96.9238
-0.6755	-0.4672	0.6490	112.6099	-137.3901	-109.4971
-0.7136	-0.4683	0.6313	102.6611	-147.6440	-120.7275
-0.7274	-0.4496	0.6038	93.5669	-157.7759	-129.1504
-0.7657	-0.4324	0.5677	84.6558	-167.9077	-133.7891
-0.7965	-0.4169	0.5283	76.5381	-177.2461	-136.2915
-0.8110	-0.4089	0.5028	68.7256	-184.3262	-138.3057
-0.8488	-0.3989	0.4718	60.6079	-191.0400	-140.9912
-0.8824	-0.3789	0.4250	52.1240	-195.8008	-144.4702
-0.9143	-0.3450	0.3876	44.2505	-199.1577	-147.0337
-0.9409	-0.3131	0.3616	35.8276	-200.4395	-148.7427
-0.9786	-0.2773	0.3417	27.7100	-199.6460	-148.3154
-1.0035	-0.2283	0.3314	20.0806	-197.2046	-145.3247
-1.0360	-0.1667	0.3221	14.0381	-193.9087	-138.5498
-1.0834	-0.1047	0.3041	11.2305	-190.3076	-129.1504
-1.0978	-0.0704	0.2880	11.5356	-185.3638	-116.1499
-1.0974	-0.0806	0.2715	14.3433	-179.1992	-102.0508
-1.1151	-0.1000	0.2631	17.8223	-171.3257	-90.6982
-1.1333	-0.1062	0.2523	21.6064	-159.9121	-85.4492
-1.1158	-0.0876	0.2343	25.6348	-146.3623	-86.3037
-1.0492	-0.0748	0.2003	30.1514	-133.8501	-90.2100
-0.9897	-0.0493	0.1738	33.2031	-122.2534	-94.5435
-0.9561	-0.0806	0.1368	34.8511	-110.5957	-94.0552
-0.9019	-0.0781	0.1030	34.3018	-117.6758	-101.3794
-0.8568	-0.0717	0.0833	30.8228	-119.5679	-104.9805
-0.8835	-0.0331	0.0697	26.4282	-118.7134	-108.0322
-0.9056	0.0013	0.0548	23.1934	-120.8496	-109.0698
-0.9218	0.0337	0.0404	21.9116	-122.4365	-108.2153
-0.9451	0.0554	0.0140	21.6064	-121.8262	-106.6284
-0.9705	0.0699	-0.0106	23.0103	-118.5303	-103.2715
-1.0120	0.0891	-0.0245	25.3906	-111.2671	-99.4873
-1.0524	0.1045	-0.0264	29.2969	-98.3887	-95.3369
-1.0812	0.1112	-0.0255	34.3018	-80.6885	-90.3320
-1.0618	0.1326	-0.0391	38.8184	-59.2651	-83.0688
-0.9789	0.1429	-0.0370	41.3818	-39.0015	-75.7446
-0.9729	0.1023	-0.0125	42.6025	-22.3999	-69.2749
-1.0192	0.0737	0.0009	41.9922	-5.4321	-64.0259
-1.0245	0.0665	-0.0261	40.8325	9.0942	-54.9316
-0.9834	0.0826	-0.0486	37.7197	23.1323	-53.3447
-0.9773	0.1128	-0.0366	33.1421	38.0249	-48.0957
-1.0148	0.1407	-0.0239	29.9072	51.1475	-41.5039
-1.0228	0.1635	-0.0214	29.0527	60.4248	-37.5977
-0.9943	0.1737	-0.0140	29.1138	70.4346	-32.5928
-0.9880	0.1499	-0.0007	28.7476	79.2236	-25.6958
-0.9847	0.1404	0.0128	27.9541	85.3271	-17.9443
-0.9843	0.1370	0.0446	27.2827	91.6138	-9.0332
-0.9724	0.1138	0.0411	28.0762	101.6235	-2.9907
-0.9445	0.0774	0.0276	27.8931	113.8916	-1.0376
-0.8652	0.0332	0.0337	25.8789	125.7935	-2.2583
-0.7976	0.0068	0.0608	21.3623	135.5591	-5.6763
-0.7832	0.0381	0.1088	16.7847	142.2119	-12.5732
-0.7665	0.0913	0.1443	14.9536	143.0664	-18.6157
-0.7445	0.1537	0.1740	15.1978	138.3667	-20.2026
-0.7694	0.1848	0.1724	19.1040	136.2305	-23.0103
-0.8392	0.2532	0.1790	21.3013	132.3242	-22.0947
-0.7922	0.0221	0.1628	21.7896	130.1880	-23.8037
-0.8062	0.1317	0.1888	18.4326	125.1831	-19.2871
-0.8174	0.1309	0.2245	15.5029	122.3755	-25.5127
-0.8197	0.1251	0.2427	13.0615	118.0420	-32.7148
-0.8041	0.1427	0.2755	10.0708	111.0229	-42.7856
-0.7968	0.1752	0.2905	8.3618	101.5625	-53.3447
-0.7826	0.1968	0.3004	7.8735	89.1724	-60.4248
-0.7627	0.1960	0.3044	6.5918	74.5239	-64.2090
-0.7709	0.2047	0.3127	4.1504	56.3965	-66.1621
-0.7894	0.2203	0.3114	2.5635	36.6211	-66.0400
-0.8411	0.2227	0.3048	0.9766	18.5547	-65.5518
-0.9012	0.2113	0.2982	-0.9766	6.4087	-66.8335
-0.9714	0.2111	0.3008	-3.7842	3.7842	-70.5566
-1.0432	0.2700	0.3392	-6.9580	9.0332	-77.0264
-1.0728	0.3597	0.3700	-6.8359	18.7378	-83.9844
-0.9996	0.4106	0.3721	-2.9297	28.3813	-84.5947
-0.9048	0.3960	0.3513	0.3052	36.1328	-76.5991
-0.8699	0.3491	0.3365	2.3804	39.6729	-62.1948
-0.8627	0.3102	0.3569	2.3804	38.4521	-48.6450
-0.8560	0.3225	0.3870	0.2441	30.5176	-39.7949
-0.8822	0.3263	0.3918	-1.7700	23.6206	-35.8887
-0.9178	0.3126	0.3853	-5.1270	20.6909	-37.1704
-0.9137	0.3035	0.3740	-11.1694	21.4844	-40.5884
-0.8695	0.2905	0.3605	-18.9819	25.2075	-43.7012
-0.8317	0.2888	0.3684	-27.9541	30.3345	-46.1426
-0.8185	0.3383	0.3873	-35.2173	35.4004	-49.2554
-0.7727	0.3651	0.3979	-39.3066	39.8560	-50.1099
-0.7355	0.3917	0.4196	-40.8325	41.3208	-46.8750
-0.7675	0.4509	0.4723	-38.6963	41.5039	-41.0767
-0.8065	0.5305	0.5106	-31.2500	40.4663	-39.4287
-0.8302	0.5548	0.5503	-19.5923	40.7715	-33.3252
-0.9154	0.5381	0.5565	-6.0425	44.0674	-25.4517
-0.9479	0.5129	0.5510	3.3569	45.4102	-17.7612
-0.8859	0.4735	0.5757	8.8501	50.4761	-12.8174
-0.8394	0.3861	0.5677	10.2539	47.4243	-8.1787
-0.8196	0.3579	0.5400	7.9346	37.4146	-5.6152
-0.7950	0.3221	0.5107	3.1738	31.7383	-2.7466
-0.7456	0.2897	0.4946	-2.3804	28.4424	-1.4038
-0.7013	0.2944	0.4761	-8.9722	28.1372	-2.6855
-0.6626	0.2954	0.4550	-16.2354	28.3813	-7.5684
-0.6528	0.3420	0.4767	-23.9258	27.3438	-14.5264
-0.6838	0.4474	0.5022	-28.0151	24.7192	-21.0571
-0.7159	0.5212	0.5170	-25.6348	20.9351	-20.9351
-0.7382	0.5427	0.5143	-19.1040	19.3481	-12.6953
-0.7670	0.5391	0.5017	-10.6812	24.2920	-3.1128
-0.7803	0.5079	0.5007	-3.2959	32.7148	4.1504
-0.7843	0.4771	0.5005	1.3428	40.3442	7.2021
-0.7606	0.4552	0.5016	4.3335	45.2881	6.7139
-0.7223	0.4192	0.4961	5.0049	48.2788	2.8076
-0.6824	0.3987	0.4851	4.8218	51.2695	-2.0752
-0.6428	0.4045	0.4733	2.6245	53.1006	-5.9814
-0.6002	0.4088	0.4692	-1.7700	52.8564	-9.4604
-0.5973	0.4019	0.4794	-8.4839	48.2788	-12.9395
-0.5873	0.4252	0.5060	-16.9067	40.4663	-20.0195
-0.5756	0.4854	0.5387	-23.1323	32.1655	-22.8271
-0.6128	0.5198	0.5540	-24.9634	27.7100	-20.2026
-0.6855	0.5245	0.5682	-23.5596	28.7476	-14.9536
-0.7423	0.5183	0.5638	-19.8975	32.7148	-8.0566
-0.8273	0.5360	0.5597	-14.8926	42.4194	-5.6152
-0.8435	0.4707	0.5599	-10.1318	49.9268	-5.1880
-0.7302	0.4717	0.5586	-8.6670	35.7666	-3.0518
-0.6506	0.5297	0.5458	-4.3335	41.3818	3.9062
-0.6188	0.5375	0.5432	-0.3052	50.8423	7.8125
-0.6110	0.5063	0.5494	2.3804	57.4341	9.0942
-0.6030	0.4811	0.5483	3.1128	58.1055	8.6670
-0.5795	0.4783	0.5583	1.7090	54.3213	7.0801
-0.5541	0.4956	0.5629	-0.3052	47.5464	6.2866
-0.5281	0.4993	0.5669	-1.5259	40.4053	5.7373
-0.5221	0.4873	0.5676	-1.8311	32.8979	6.1035
-0.5695	0.4749	0.5757	-1.9531	28.5645	7.9956
-0.6562	0.4564	0.6023	-1.4038	29.6631	9.3994
-0.6980	0.4248	0.5928	1.3428	29.1138	9.3994
-0.6528	0.4060	0.5875	4.5776	30.9448	8.8501
-0.5867	0.4208	0.5878	7.3853	35.7056	5.6763
-0.5553	0.4404	0.5891	9.3994	41.4429	1.7700
-0.5565	0.4419	0.5942	8.6670	44.1895	-2.0752
-0.5627	0.4279	0.5889	5.3711	41.3208	-4.0894
-0.5592	0.4076	0.5894	-0.0610	37.2925	-6.2866
-0.5769	0.3759	0.5778	-5.7373	28.6255	-9.8267
-0.5746	0.4601	0.5929	-12.5732	23.0103	-11.5967
-0.5900	0.5060	0.6042	-15.3809	22.8271	-12.6343
-0.5975	0.5035	0.6006	-14.4653	22.3999	-8.6670
-0.5990	0.5050	0.6140	-12.0850	26.7334	-2.6855
-0.6201	0.5062	0.6346	-7.8735	32.5317	5.1880
-0.7009	0.4998	0.6523	-3.4790	36.3770	9.5825
-0.7257	0.4851	0.6517	-0.3052	43.2129	6.5918
-0.7081	0.4840	0.6570	1.6479	52.9175	8.9111
-0.6749	0.4656	0.6544	2.6245	65.0635	14.3433
-0.6223	0.4564	0.6353	-0.7935	68.0542	17.7612
-0.6085	0.4227	0.6128	-6.2256	62.8052	20.6299
-0.5823	0.4696	0.6100	-12.9395	61.2793	10.4370
-0.5270	0.4729	0.6321	-17.3950	63.5986	15.8691
-0.5609	0.5150	0.6765	-18.0054	59.8145	24.5972
-0.6353	0.5571	0.7029	-16.5405	58.7769	24.8413
-0.6294	0.5055	0.7010	-12.9395	58.9600	23.3765
-0.5841	0.5060	0.6707	-8.7891	56.5796	23.3154
-0.5769	0.5026	0.6494	-4.1504	61.0962	26.3672
-0.5680	0.5245	0.6442	-0.5493	66.5283	31.4941
-0.5582	0.5319	0.6593	2.2583	63.3545	34.0576
-0.5674	0.5470	0.6940	5.1880	57.7393	37.4756
-0.5891	0.5548	0.7227	8.5449	52.5513	42.1753
-0.6097	0.5249	0.7465	11.1694	49.5605	46.0815
-0.6146	0.5106	0.7515	13.4888	46.9971	51.9409
-0.6296	0.4880	0.7498	14.8926	46.5088	56.5796
-0.6301	0.4785	0.7428	15.5640	49.8047	61.7065
-0.6042	0.4751	0.7363	14.7705	56.4575	66.7725
-0.5737	0.4785	0.7238	14.7705	63.4766	71.1060
-0.5543	0.4656	0.7311	14.6484	69.9463	73.3032
-0.5270	0.4911	0.7491	13.4888	76.7212	76.1108
-0.5266	0.4786	0.7751	14.2822	82.5806	75.6836
-0.3842	0.4136	0.7638	14.6484	83.4961	75.8057
-0.4022	0.4164	0.7675	14.2822	79.8950	81.5430
-0.4390	0.3728	0.7704	12.1460	78.1250	81.1157
-0.3922	0.3650	0.7668	9.7656	75.3174	83.1299
-0.3483	0.3932	0.7637	8.3008	74.2798	86.1206
-0.4005	0.3660	0.7759	7.0190	73.4253	88.2568
-0.3724	0.4167	0.7703	6.4697	75.3784	90.3320
-0.3770	0.4293	0.7716	8.3008	77.6978	92.2241
-0.4027	0.4399	0.7690	11.4746	76.2939	92.7124
-0.4011	0.4027	0.7482	15.9912	77.2705	94.9707
-0.3899	0.3864	0.7472	19.2871	80.5664	102.3560
-0.3718	0.3507	0.7484	21.7285	89.2334	107.6050
-0.3315	0.3212	0.7468	22.2778	97.7173	111.2061
-0.2904	0.3069	0.7555	19.8975	103.2104	112.3657
-0.2941	0.3020	0.7703	15.6860	107.0557	110.9619
-0.2924	0.2997	0.7799	11.7798	109.5581	108.5815
-0.2843	0.3147	0.7892	9.0942	110.5957	106.5063
-0.2574	0.3167	0.8069	7.5073	111.7554	105.4077
-0.2042	0.2924	0.8328	5.4932	111.0840	104.9805
-0.1730	0.2684	0.8578	2.5635	106.6895	104.4922
-0.1681	0.2491	0.8854	-1.8311	99.9146	103.5767
-0.1456	0.2532	0.9104	-7.2632	91.5527	103.3936
-0.1453	0.2698	0.9193	-11.5356	83.3740	101.2573
-0.1559	0.2733	0.9275	-14.4043	79.4678	97.1069
-0.1395	0.2662	0.9232	-15.8081	78.7354	92.7124
-0.1022	0.2634	0.9170	-16.2964	78.0029	87.5854
-0.0914	0.2699	0.9277	-16.2354	74.9512	80.0171
-0.0852	0.2710	0.9541	-15.0757	70.6787	71.4722
-0.0533	0.2671	0.9675	-13.0005	67.6270	64.5142
-0.0397	0.2686	0.9790	-10.0098	65.0024	58.2886
-0.0430	0.2725	0.9878	-6.8970	63.1714	51.8799
-0.0376	0.2681	0.9817	-3.2959	62.3779	46.7529
-0.0408	0.2583	0.9795	-1.0376	60.7300	44.0063
-0.0520	0.2490	0.9828	-0.5493	56.7017	42.2363
-0.0618	0.2419	0.9918	-1.2817	51.0254	40.7715
-0.0996	0.2496	1.0017	-2.8687	46.0815	38.3911
-0.1290	0.2598	1.0184	-4.2114	44.7998	36.2549
-0.1351	0.2664	1.0244	-4.1504	46.7529	34.6069
-0.1290	0.2797	1.0333	-3.2349	50.1709	33.8135
-0.1359	0.2931	1.0330	-1.0376	52.0020	33.6914
-0.1289	0.2970	1.0348	2.1973	52.9175	33.6304
-0.1055	0.2913	1.0430	5.5542	52.4292	34.7900
-0.1044	0.2855	1.0438	8.4229	50.8423	36.4380
-0.1139	0.2880	1.0376	10.2539	48.0957	38.3301
-0.0966	0.2827	1.0398	11.4136	44.3115	40.9546
-0.0881	0.2690	1.0354	12.2070	42.1143	43.5791
-0.0955	0.2677	1.0316	12.8174	41.1987	46.4478
-0.0970	0.2645	1.0248	13.0005	41.1987	48.0347
-0.0857	0.2551	1.0166	13.3667	40.9546	49.3164
-0.0748	0.2520	1.0027	13.1836	39.5508	50.4761
-0.0570	0.2489	1.0005	12.2070	36.9263	52.8564
-0.0482	0.2458	1.0005	10.4980	35.0342	55.6030
-0.0299	0.2512	1.0029	8.1787	33.8745	58.0444
-0.0258	0.2722	1.0081	6.8970	31.9824	60.5469
-0.0320	0.2849	1.0110	7.8125	29.5410	62.9883
-0.0331	0.2869	0.9994	10.1929	28.1982	65.5518
-0.0101	0.2821	0.9877	13.3667	25.4517	68.4814
0.0151	0.2646	0.9813	14.8926	23.0103	69.8242
0.0283	0.2493	0.9740	14.6484	21.8506	69.5801
0.0443	0.2380	0.9725	13.0005	20.7520	67.1387
0.0697	0.2511	0.9788	11.1084	19.0430	64.2090
0.1121	0.2548	0.9753	9.8267	16.2354	62.7441
0.1442	0.2467	0.9734	8.4839	10.7422	60.9131
0.1552	0.2411	0.9535	6.4697	4.0283	57.5562
0.1685	0.2411	0.9561	3.8452	-4.2725	51.6357
0.1677	0.2468	0.9656	1.2817	-13.7939	43.2129
0.1412	0.2534	0.9656	-0.7935	-22.8271	32.1655
0.1154	0.2843	0.9767	-1.7090	-29.4800	19.6533
0.0770	0.3201	1.0018	0.6104	-33.3252	6.5918
0.0570	0.3387	1.0149	6.2256	-32.1655	-6.1035
0.0747	0.3395	1.0183	13.6108	-30.2124	-16.9067
0.0859	0.3361	1.0016	20.1416	-30.0903	-28.3203
0.0817	0.3500	0.9994	25.8789	-33.9355	-38.4521
0.0780	0.3647	0.9816	31.3110	-39.7949	-46.8750
0.0743	0.3749	0.9519	37.7197	-47.7905	-55.1758
0.0505	0.3870	0.9344	44.6777	-57.1289	-63.2935
0.0181	0.3907	0.9387	53.3447	-67.2607	-72.5708
-0.0022	0.3694	0.9211	63.1714	-77.3315	-82.3975
-0.0604	0.3508	0.8805	71.1060	-88.6841	-92.4072
-0.1099	0.3430	0.8531	76.5991	-102.0508	-101.1353
-0.1331	0.3282	0.8263	80.6274	-113.9526	-107.6050
-0.1666	0.3104	0.7974	83.2520	-122.2534	-112.3047
-0.1820	0.2778	0.7791	83.4961	-128.9673	-114.8071
-0.1892	0.2527	0.7684	80.4443	-134.5215	-115.7227
-0.1925	0.2404	0.7543	76.1108	-139.0991	-116.9434
-0.2012	0.2334	0.7389	71.8384	-144.7144	-119.0796
-0.2069	0.2223	0.7389	66.5283	-152.2217	-121.7041
-0.2109	0.2244	0.7440	61.4624	-161.0107	-124.6338
-0.2401	0.2498	0.7240	58.6548	-171.2646	-127.0142
-0.3213	0.2760	0.7185	56.8848	-182.3730	-129.3335
-0.4087	0.3007	0.7532	58.2886	-188.5986	-130.1270
-0.4562	0.3064	0.7703	63.6597	-185.7300	-128.2959
-0.4469	0.2864	0.7461	70.3125	-179.0771	-125.3052
-0.4432	0.2634	0.7400	75.9888	-175.6592	-120.6055
-0.4606	0.2482	0.7051	81.9092	-171.9360	-122.3755
-0.4755	0.2532	0.6848	85.1440	-164.5508	-120.0562
-0.4526	0.1959	0.6617	84.9609	-166.1987	-111.8774
-0.4210	0.1650	0.6233	80.9326	-171.2036	-112.4268
-0.4169	0.1561	0.5576	75.6836	-178.7109	-112.2437
-0.4916	0.1702	0.5262	68.2983	-185.4248	-112.1216
-0.6418	0.2104	0.5420	61.1572	-187.6831	-106.9336
-0.8046	0.2500	0.5575	58.8379	-174.3774	-102.0508
-0.8359	0.2534	0.5790	62.4390	-146.8506	-96.7407
-0.7925	0.2360	0.5802	66.8335	-113.5254	-90.6982
-0.7307	0.2095	0.5850	69.6411	-84.7778	-83.8623
-0.6769	0.1853	0.5800	70.3125	-69.5190	-79.9561
-0.6307	0.1595	0.5697	68.2983	-64.1479	-79.0405
-0.5811	0.1407	0.5541	64.3921	-66.0400	-79.7729
-0.5422	0.1394	0.5317	59.9976	-74.8901	-82.0313
-0.5310	0.1339	0.5043	54.8096	-88.1958	-84.7168
-0.5677	0.1368	0.5015	49.1943	-103.0273	-87.0361
-0.6560	0.1589	0.4941	45.7764	-117.0654	-89.8438
-0.7408	0.1727	0.4934	42.3584	-121.2769	-91.7358
-0.7778	0.1820	0.4940	41.9922	-120.5444	-92.0410
-0.7928	0.1804	0.4874	41.2598	-112.1826	-91.4307
-0.8049	0.1544	0.4884	38.9404	-100.7690	-89.4165
-0.8148	0.1552	0.4946	35.0952	-87.4634	-86.9141
-0.7941	0.1740	0.4949	30.3345	-75.2563	-85.9375
-0.7526	0.1841	0.4717	27.7710	-67.1387	-83.9844
-0.7366	0.2070	0.4447	24.7192	-63.5986	-83.9844
-0.7339	0.2365	0.4291	25.0854	-67.5049	-81.0547
-0.7463	0.2620	0.4188	26.0620	-72.4487	-79.0405
-0.7666	0.2965	0.4031	27.8931	-76.9043	-76.4771
-0.7755	0.3221	0.3776	31.6162	-82.7026	-74.3408
-0.7935	0.3236	0.3534	35.2783	-87.8906	-73.8525
-0.8331	0.2850	0.3405	36.3770	-89.2334	-75.0122
-0.8417	0.2708	0.3361	34.5459	-87.7075	-74.8291
-0.8619	0.2430	0.3385	29.6021	-83.4961	-76.0498
-0.8873	0.2627	0.3475	24.6582	-76.2939	-74.6460
-0.8898	0.2994	0.3500	19.5923	-65.7959	-72.4487
-0.8947	0.3159	0.3412	18.1885	-58.2275	-70.3125
-0.8981	0.3373	0.3322	15.9912	-49.1943	-67.2607
-0.8810	0.3719	0.3275	15.9302	-42.5415	-63.5986
-0.8647	0.4000	0.3181	15.5029	-34.8511	-61.7676
-0.8567	0.4089	0.3059	17.6392	-31.0669	-58.1055
-0.8455	0.4150	0.2878	16.6626	-26.7944	-56.1523
-0.8308	0.4254	0.2777	16.5405	-26.4282	-55.4810
-0.8033	0.4164	0.2592	15.1978	-27.4048	-55.4199
-0.7972	0.3910	0.2416	12.4512	-30.2124	-57.1289
-0.8138	0.3386	0.2562	7.1411	-35.1563	-58.8379
-0.8362	0.3043	0.2864	-0.7935	-40.8936	-60.3638
-0.8700	0.3383	0.2996	-7.3242	-44.3726	-61.5234
-0.9176	0.3768	0.3110	-12.2681	-41.6870	-61.1572
-0.9180	0.3876	0.3298	-14.7705	-35.7666	-58.2886
-0.9160	0.4042	0.3378	-14.0381	-26.7944	-54.0161
-0.9091	0.4231	0.3485	-12.0239	-17.2729	-48.8281
-0.8969	0.4321	0.3489	-8.1787	-9.3384	-43.6401
-0.8805	0.4305	0.3423	-3.6621	-3.4790	-38.9404
-0.8342	0.4250	0.3282	-0.7324	-0.1221	-34.7900
-0.7998	0.4447	0.3112	1.0986	0.0000	-33.0200
-0.8053	0.4637	0.2980	2.3193	-1.5259	-33.0811
-0.7871	0.4109	0.2717	2.6245	-5.0049	-34.8511
-0.7440	0.4067	0.2427	0.2441	-9.2163	-34.9121
-0.7535	0.4006	0.2327	-4.9438	-15.0146	-37.4146
-0.7852	0.3892	0.2328	-11.8408	-20.5688	-40.2222
-0.8102	0.4067	0.2335	-18.6157	-25.3906	-41.9312
-0.8407	0.4225	0.2385	-24.5361	-27.7100	-43.8232
-0.8390	0.4438	0.2500	-28.1372	-27.2827	-44.0063
-0.8336	0.4658	0.2606	-29.4800	-24.7803	-42.2974
-0.8368	0.4730	0.2563	-29.6021	-20.6299	-40.3442
-0.8378	0.4908	0.2611	-29.3579	-15.5029	-38.4521
-0.8309	0.5120	0.2759	-28.3813	-10.6812	-36.4990
-0.8441	0.5013	0.2958	-28.5645	-4.5776	-35.7056
-0.8661	0.4575	0.3022	-30.6396	2.5635	-35.8276
-0.8550	0.4246	0.3031	-35.4004	10.4980	-36.8042
-0.8339	0.4393	0.3041	-41.1377	18.8599	-38.2690
-0.8275	0.4635	0.3350	-45.9595	23.8647	-39.4287
-0.8046	0.5024	0.3374	-47.7905	31.6772	-40.0391
-0.7216	0.5399	0.3405	-47.1802	39.3677	-37.7197
-0.7389	0.5413	0.3596	-43.8232	40.8325	-33.5083
-0.7374	0.5468	0.3844	-38.5742	40.4663	-30.7007
-0.7262	0.5560	0.4045	-31.3110	36.4380	-27.7710
-0.7402	0.5204	0.4099	-23.6816	33.0200	-25.6958
-0.7413	0.4673	0.4110	-19.4092	33.9966	-25.3906
-0.7474	0.4254	0.4146	-17.7612	37.5366	-24.5361
-0.7329	0.3855	0.4028	-20.6299	45.8374	-25.2075
-0.7126	0.3898	0.3981	-26.1230	56.8237	-27.0996
-0.6891	0.4169	0.3792	-32.2876	68.9087	-29.3579
-0.6838	0.4465	0.3536	-38.3911	80.3223	-34.4238
-0.6044	0.5159	0.3868	-41.9312	91.2476	-39.7949
-0.6240	0.5907	0.4780	-40.3442	94.9097	-39.0625
-0.6799	0.5768	0.5349	-33.3862	94.8486	-40.0391
-0.6792	0.5549	0.5468	-23.4985	92.4072	-39.2456
-0.6354	0.5382	0.5464	-14.2822	88.1348	-36.7432
-0.6417	0.5325	0.5526	-7.0190	85.3271	-35.5225
-0.6440	0.5116	0.5674	-3.1128	82.9468	-33.9355
-0.6174	0.4919	0.5652	-0.3662	81.1768	-33.5083
-0.5735	0.4713	0.5573	-0.6714	79.7119	-35.0342
-0.5490	0.4664	0.5472	-2.0752	77.8198	-35.7666
-0.5074	0.4735	0.5378	-4.5166	77.7588	-37.5366
-0.5461	0.5012	0.5658	-5.6152	76.3550	-37.7808
-0.5476	0.5452	0.6136	-3.4180	75.6226	-37.8418
-0.5472	0.5769	0.6479	1.8921	75.3174	-36.4990
-0.5465	0.6022	0.6417	10.8643	73.4253	-38.2690
-0.4982	0.5088	0.6312	18.5547	71.2891	-40.4663
-0.4940	0.5250	0.6266	24.4751	67.6880	-37.3535
-0.4880	0.5498	0.6283	28.6865	64.2090	-38.1470
-0.4744	0.5125	0.6329	30.5176	62.2559	-40.8936
-0.4551	0.4890	0.6240	30.7617	60.6689	-41.7480
-0.4324	0.4948	0.6166	29.4800	58.8379	-45.1050
-0.4176	0.5050	0.6082	27.4658	55.2368	-49.0723
-0.4363	0.5200	0.6183	25.4517	52.9175	-54.6265
-0.4557	0.5454	0.6354	26.0620	50.2930	-57.1899
-0.4678	0.5902	0.6577	29.6021	50.1709	-57.8003
-0.4712	0.5883	0.6766	35.0952	52.2461	-58.6548
-0.4706	0.5676	0.6798	42.1753	55.1147	-57.8613
-0.4562	0.5580	0.6737	47.4854	58.1665	-56.7627
-0.4318	0.5695	0.6682	50.5371	59.2041	-55.9082
-0.4033	0.6044	0.6541	52.3071	56.0913	-55.6641
-0.3866	0.6072	0.6567	51.5747	50.5371	-58.1055
-0.3878	0.6348	0.6533	50.0488	41.6870	-61.7676
-0.4355	0.6475	0.6428	49.9878	32.4097	-66.5894
-0.4506	0.7268	0.6484	50.2319	26.5503	-69.8853
-0.5034	0.7748	0.6610	51.6357	21.1792	-67.2607
-0.5465	0.7831	0.6702	54.1382	19.9585	-65.6738
-0.6947	0.7499	0.6704	56.5796	19.0430	-64.5142
-0.4901	0.8112	0.6927	56.5186	17.9443	-66.1621
-0.5551	0.8461	0.6962	57.4951	21.7285	-59.1431
-0.6517	0.7985	0.6880	58.2886	24.8413	-54.6875
-0.6312	0.7723	0.6746	58.0444	26.9775	-52.2461
-0.6812	0.8149	0.6699	56.5796	28.3813	-49.9268
-0.5944	0.8265	0.7068	56.3354	28.0151	-47.3633
-0.5608	0.8241	0.7181	57.0679	29.8462	-38.0859
-0.6932	0.7594	0.6987	58.3496	33.9355	-29.2358
-0.6558	0.7722	0.7098	59.1431	36.8652	-20.3857
-0.6464	0.7615	0.7211	60.7910	40.7715	-13.1836
-0.5631	0.7405	0.7233	61.8896	42.5415	-9.0942
-0.5504	0.6748	0.7240	60.9741	40.1001	-5.4321
-0.5281	0.6343	0.7234	57.3120	34.7900	-1.5259
-0.5115	0.6241	0.7283	51.8799	29.1748	4.1504
-0.5281	0.6445	0.7340	47.6074	22.3999	7.8735
-0.4678	0.6470	0.7405	44.6777	17.3950	9.1553
-0.4749	0.6382	0.7404	44.1895	11.3525	13.6108
-0.5055	0.6436	0.7386	45.6543	5.5542	17.5781
-0.5304	0.6176	0.7393	47.2412	1.4038	20.7520
-0.4821	0.6122	0.7397	48.5840	0.4883	23.6206
-0.4869	0.5958	0.7487	49.6216	1.2207	29.1138
-0.4882	0.5702	0.7501	49.3164	3.2349	35.4614
-0.4557	0.5500	0.7448	46.8750	7.2632	41.2598
-0.4221	0.5526	0.7538	44.3115	9.7046	46.8140
-0.3882	0.5532	0.7572	42.9688	10.8032	52.5513
-0.3676	0.5355	0.7583	42.0532	11.2915	56.1523
-0.3721	0.5735	0.7284	41.2598	7.5684	58.4106
-0.3403	0.5364	0.7333	40.6494	2.9297	58.8989
-0.3289	0.4994	0.7266	38.0249	0.5493	58.8379
-0.3279	0.4778	0.7362	34.9121	-3.8452	58.4717
-0.3408	0.5416	0.7279	31.2500	-6.8970	56.9458
-0.3401	0.4978	0.7429	28.4424	-7.0190	55.1758
-0.3333	0.4005	0.7533	25.3296	-4.5776	53.9551
-0.3008	0.5148	0.7440	21.9116	-4.5776	54.7485
-0.3370	0.4935	0.7601	20.5688	-4.9438	54.7485
-0.3627	0.4224	0.7483	19.1040	-3.2959	53.7720
-0.3296	0.4420	0.7540	16.9678	-3.4790	55.9692
-0.3181	0.4863	0.7590	15.2588	-2.9907	58.4717
-0.3147	0.5145	0.7472	13.6108	-2.0752	60.1196
-0.3534	0.4683	0.7609	12.5732	-1.8921	60.7910
-0.3214	0.4536	0.7616	11.9629	0.6714	62.0728
-0.3077	0.4613	0.7644	12.0239	3.7842	62.7441
-0.3208	0.4506	0.7628	10.8643	6.2866	61.9507
-0.3313	0.4475	0.7585	9.2773	5.4321	61.0352
-0.3464	0.4491	0.7588	7.2632	3.6011	59.3262
-0.3654	0.4368	0.7700	5.7373	3.5400	58.4717
-0.3600	0.4259	0.7838	4.6997	5.0659	57.8613
-0.3602	0.4202	0.7935	3.7231	8.7891	58.2886
-0.3557	0.4425	0.8149	3.0518	13.2446	59.9976
-0.3646	0.4814	0.8041	3.3569	19.4092	58.4106
-0.3890	0.4156	0.7974	5.6152	19.5313	55.1147
-0.3528	0.4232	0.7848	6.9580	15.4419	55.9082
-0.3369	0.4386	0.7931	8.0566	11.5967	55.8472
-0.3713	0.4204	0.7825	7.8125	8.6670	55.5420
-0.3937	0.3934	0.7726	6.8970	6.8970	55.7251
-0.3851	0.3831	0.7679	4.5166	6.2256	57.4951
-0.3776	0.3828	0.7800	0.6104	5.9814	58.3496
-0.3870	0.3856	0.7855	-2.2583	4.3945	60.1807
-0.3951	0.3907	0.7875	-4.8828	3.7842	61.1572
-0.3872	0.4026	0.7914	-7.5073	2.9907	62.4390
-0.4039	0.4176	0.7980	-8.6060	2.7466	61.8896
-0.4272	0.4246	0.8013	-7.6294	4.6997	60.3638
-0.4266	0.4406	0.8041	-5.1270	7.2632	60.2417
-0.4100	0.4365	0.8022	-2.5635	11.7798	60.1196
-0.3895	0.4193	0.7909	0.6714	14.5874	60.3027
-0.3774	0.4105	0.7800	2.3193	14.5264	61.2183
-0.3705	0.3911	0.7750	3.0518	11.5356	61.5234
-0.3568	0.3702	0.7758	2.1973	7.5684	62.2559
-0.3534	0.3805	0.7760	0.2441	3.2959	62.2559
-0.3561	0.3801	0.7745	-1.6479	-1.7090	61.6455
-0.3658	0.3820	0.7749	-2.8687	-7.0190	60.8521
-0.3754	0.3936	0.7800	-3.7231	-9.7046	58.7769
-0.3859	0.3964	0.7821	-3.5400	-11.9019	57.4341
-0.3925	0.3889	0.7822	-2.9907	-11.6577	56.2744
-0.3878	0.3770	0.7766	-3.1738	-10.0098	55.7861
-0.3853	0.3696	0.7820	-4.8218	-9.3994	55.7861
-0.3910	0.3716	0.7915	-6.9580	-9.2163	55.4810
-0.3868	0.3755	0.7941	-7.2632	-7.4463	55.6641
-0.3724	0.3804	0.7860	-6.5918	-4.1504	56.5186
-0.3524	0.3820	0.7782	-5.9814	-1.8311	57.7393
-0.3511	0.3881	0.7725	-4.6997	-1.7090	58.4717
-0.3561	0.3849	0.7698	-3.0518	-2.8076	59.2651
-0.3517	0.3790	0.7593	-2.5635	-5.1270	59.5093
-0.3525	0.3665	0.7495	-2.7466	-7.9346	59.3262
-0.3588	0.3518	0.7546	-4.0283	-10.0708	58.4717
-0.3606	0.3365	0.7667	-6.7749	-10.4370	57.7393
-0.3667	0.3287	0.7750	-10.0098	-8.8501	56.8848
-0.3687	0.3340	0.7804	-12.5732	-5.7373	56.1523
-0.3575	0.3372	0.7845	-13.8550	-2.0142	54.9316
-0.3630	0.3167	0.7849	-13.6719	2.3193	56.2744
-0.3403	0.3512	0.7692	-12.2681	9.0942	43.2129
-0.3306	0.4154	0.7832	-12.7563	4.3945	58.0444
-0.3494	0.3446	0.7749	-10.1318	7.9346	58.5938
-0.3281	0.3156	0.7761	-10.3760	2.9907	57.6782
-0.3124	0.3282	0.7821	-11.9629	-0.7324	60.4248
-0.3141	0.3042	0.7773	-13.4888	-0.6714	59.3262
-0.3164	0.3042	0.7686	-15.7471	-2.5635	58.8989
-0.3264	0.3262	0.7487	-17.0898	-3.1738	57.2510
-0.3259	0.3372	0.7349	-17.8223	-3.2959	55.9692
-0.3313	0.3580	0.7352	-18.8599	-3.5400	54.0161
-0.3531	0.3580	0.7328	-18.5547	-5.0049	52.7954
-0.3560	0.3090	0.7585	-19.5313	-4.7607	52.0020
-0.3606	0.2855	0.7887	-21.2402	-2.6245	52.9175
-0.3623	0.2885	0.8074	-22.7661	2.2583	53.8330
-0.3481	0.2889	0.8146	-23.9868	8.0566	54.1382
-0.3353	0.2909	0.8021	-24.5361	12.2681	54.0771
-0.3335	0.2953	0.7800	-23.9258	12.5122	53.8940
-0.3263	0.3046	0.7509	-24.6582	10.4370	53.6499
-0.3264	0.3186	0.7339	-25.3296	5.9814	52.9785
-0.3490	0.3298	0.7311	-25.6348	-0.3052	52.1851
-0.3792	0.3230	0.7225	-25.4517	-4.0283	51.0864
-0.3986	0.2931	0.7239	-27.2827	-5.2490	48.9502
-0.4086	0.2789	0.7429	-30.0293	-3.4790	47.8516
-0.4091	0.2859	0.7479	-32.1655	0.2441	48.0957
-0.3950	0.2878	0.7371	-33.6914	5.0659	48.7671
-0.3885	0.2994	0.7285	-36.6211	10.8032	49.4995
-0.3784	0.3174	0.7135	-39.2456	15.1978	48.3398
-0.3635	0.3314	0.6960	-40.7104	17.7612	47.1802
-0.3396	0.3026	0.7017	-44.0674	19.1040	45.1050
-0.3157	0.2574	0.7300	-50.2930	18.4326	42.8467
-0.3019	0.2491	0.7419	-56.3965	16.8457	40.6494
-0.3253	0.2820	0.7448	-60.8521	16.4795	37.5977
-0.3291	0.3052	0.7701	-62.8662	20.0806	34.1187
-0.3053	0.3253	0.7850	-61.5845	24.9023	31.3721
-0.2946	0.3403	0.7965	-57.4341	26.7944	28.9307
-0.2941	0.3553	0.7847	-51.8799	26.0620	27.0996
-0.2921	0.3623	0.7556	-46.5088	22.8882	25.5127
-0.3058	0.3687	0.7339	-42.2363	18.5547	22.8271
-0.3179	0.3517	0.7183	-39.6729	13.4888	20.9351
-0.3174	0.3055	0.7205	-40.8936	9.2163	18.7378
-0.3085	0.2642	0.7397	-46.2646	4.9438	17.7002
-0.3141	0.2659	0.7499	-53.7109	3.8452	16.2964
-0.3317	0.2950	0.7649	-60.3027	4.6387	14.5874
-0.3179	0.3234	0.7646	-63.5986	7.3242	13.3667
-0.2910	0.3611	0.7667	-64.5142	10.7422	11.5356
-0.3087	0.3926	0.7820	-61.2793	11.0474	8.3618
-0.3376	0.4020	0.7888	-54.9316	10.6812	5.4932
-0.3180	0.3896	0.7709	-48.1567	10.0098	3.2349
-0.2915	0.3437	0.7629	-44.6167	6.7139	1.7090
-0.3105	0.3030	0.7714	-45.9595	1.5259	0.1221
-0.3458	0.3094	0.7841	-49.2554	-3.0518	-1.1597
-0.3639	0.3260	0.7822	-53.2837	-4.0894	-2.0142
-0.3640	0.3424	0.7742	-56.1523	-3.8452	-3.4790
