aX	aY	aZ	gX	gY	gZ	
-0.0602	-0.1981	0.7697	52.0630	58.8989	15.0146
-0.0291	-0.2152	0.7454	47.5464	56.4575	12.7563
-0.0011	-0.2242	0.7383	41.5039	52.3071	9.5825
0.0071	-0.2314	0.7443	34.6069	46.3257	6.5918
-0.0248	-0.2250	0.7617	28.8086	40.1001	4.2725
-0.0812	-0.2026	0.7870	27.0386	35.7666	3.1738
-0.1298	-0.2075	0.7987	30.0903	35.5225	3.7842
-0.1158	-0.2349	0.7717	35.3394	39.8560	6.7749
-0.0553	-0.2607	0.7229	39.6118	45.1050	10.0708
-0.0068	-0.2762	0.6826	40.4663	46.8750	11.4136
0.0392	-0.2986	0.6404	38.8794	43.6401	10.9253
0.0736	-0.3083	0.6143	35.0342	36.6821	9.8267
0.0852	-0.2920	0.6155	29.0527	26.7944	7.7515
0.0696	-0.2739	0.6138	24.2920	17.3340	4.2725
0.0426	-0.2747	0.6088	22.2168	9.7046	-0.1221
-0.0107	-0.2577	0.6039	22.0337	5.3101	-3.0518
-0.0298	-0.2515	0.5697	24.9634	6.8359	-5.1880
-0.0375	-0.2875	0.5045	29.1748	10.8643	-4.2725
0.0500	-0.2592	0.4196	31.6772	16.6626	-3.7842
0.1445	-0.2695	0.2887	35.2783	14.4043	-4.2725
0.1068	-0.3285	0.0848	36.9263	0.5493	-4.2114
0.2423	-0.3114	-0.1230	31.5552	-15.6860	-5.0049
0.3152	-0.3569	-0.3900	22.7051	-36.8042	-10.7422
0.3619	-0.3503	-0.6620	7.2632	-65.7349	-17.3950
0.3771	-0.2845	-0.9816	-10.6201	-97.9004	-25.3296
0.3437	-0.2982	-1.3391	-27.4658	-124.8169	-34.9121
0.2312	-0.3094	-1.6732	-48.9502	-140.9302	-43.8843
0.1079	-0.3201	-1.9292	-82.0313	-142.6392	-52.7344
0.0162	-0.3108	-2.0435	-132.9956	-123.2910	-59.5093
0.0028	-0.0846	-1.9132	-201.9653	-84.4727	-65.7349
0.0021	0.3044	-1.5446	-269.5923	-39.4897	-73.9136
-0.1052	0.9242	1.9473	-316.1011	-1.7090	-72.9370
-3.8040	3.9995	3.9995	8.4229	224.7314	-28.9917
3.9995	-3.9995	1.8448	514.7705	-105.1025	134.0942
-2.3448	-3.0834	1.7705	172.3633	-39.3066	115.7837
0.8452	-0.4182	0.5831	-126.3428	27.3438	-50.6592
0.7136	0.4189	0.0729	-122.3755	37.9028	-125.2441
0.0720	-0.4147	0.7970	-67.8101	-40.4663	-117.8589
-0.7435	-0.3649	1.1761	-50.0488	-94.0552	-73.7915
-0.9390	-0.2404	1.6140	-43.8232	-95.1538	-35.8276
-0.7384	-0.3574	1.6317	-36.8042	-58.2275	-12.2070
-0.7810	-0.4044	1.6388	-44.0063	-37.5366	-0.2441
-0.7462	-0.2656	1.6863	-62.3779	-28.3813	1.9531
-0.5699	-0.1365	1.6910	-67.6270	-14.3433	5.5542
-0.3251	-0.1333	1.5879	-55.6641	1.0986	9.3384
-0.1656	-0.1703	1.5032	-39.6729	6.8970	8.4839
-0.1324	-0.1899	1.4480	-28.1372	2.8687	7.8125
-0.0966	-0.2014	1.4246	-20.1416	1.4648	8.7280
-0.0056	-0.1829	1.4307	-13.1836	1.8921	7.7515
-0.0504	-0.2502	1.3595	-5.5542	-1.0376	4.2114
-0.0906	-0.1688	1.3617	-4.5166	-7.3853	4.4556
-0.3004	-0.0925	1.3993	-4.0283	-15.3198	6.0425
-0.4592	-0.0239	1.4749	0.1831	-15.7471	10.7422
-0.5789	-0.0317	1.4856	8.8501	-0.0610	16.7236
-0.4366	-0.1019	1.4011	20.6909	26.6113	24.2310
-0.3125	-0.0977	1.3212	24.7192	46.9360	26.4282
-0.2162	-0.0856	1.2700	28.3203	56.2134	27.2827
-0.1592	-0.0999	1.2137	34.1187	57.8613	28.0151
-0.1233	-0.1161	1.1528	40.2832	54.9316	27.2217
-0.0920	-0.1238	1.0895	45.1050	51.2695	26.0010
-0.0568	-0.1318	1.0120	49.5605	48.7671	24.2920
-0.0579	-0.1714	0.9304	52.4292	47.0581	21.5454
-0.0902	-0.1831	0.8575	51.5137	46.6919	19.3481
-0.0980	-0.1908	0.8000	48.8892	48.0957	18.1274
-0.1179	-0.2009	0.7587	44.4946	50.4761	17.6392
-0.1292	-0.1841	0.7330	39.6729	53.1006	16.9067
-0.1360	-0.1823	0.7247	36.4990	55.8472	16.9678
-0.1140	-0.1852	0.7139	33.8745	57.9834	19.0430
-0.0652	-0.1805	0.7012	31.9214	54.8706	20.6299
-0.0137	-0.2043	0.7031	31.1279	47.7295	20.5688
-0.0100	-0.2156	0.7201	29.4800	37.5366	19.8364
-0.0588	-0.2168	0.7402	27.4658	28.5034	18.3105
-0.0999	-0.2466	0.7502	25.9399	25.1465	17.7612
-0.1150	-0.2621	0.7438	23.3154	27.7100	18.4326
-0.0919	-0.2644	0.7301	20.3857	33.6914	18.6768
-0.0361	-0.2887	0.7095	17.5781	39.6729	17.6392
0.0054	-0.3054	0.7024	13.4888	42.2363	15.1367
0.0339	-0.2859	0.7065	7.3853	40.2832	12.5732
0.0450	-0.2579	0.7321	3.2349	35.7666	10.5591
0.0629	-0.2455	0.7546	2.1362	28.8696	9.3994
0.0732	-0.2366	0.7556	3.0518	21.7285	8.6670
0.0526	-0.2369	0.7341	4.8828	13.9771	6.2866
0.0270	-0.2345	0.7019	7.3853	7.8735	4.0283
-0.0002	-0.2256	0.6559	9.8267	4.7607	3.2959
0.0112	-0.2290	0.5830	12.8174	4.2114	3.4790
0.0393	-0.2274	0.4921	15.1367	3.8452	3.0518
0.0751	-0.2417	0.3667	16.6626	2.3193	1.9531
0.1223	-0.2672	0.2152	15.3809	-1.5869	0.8545
0.2231	-0.2588	0.0405	10.3760	-9.7046	0.5493
0.3429	-0.2683	-0.1671	4.5776	-25.0244	0.3052
0.4097	-0.2842	-0.3900	-2.8687	-48.3398	-2.7466
0.3821	-0.2830	-0.5851	-12.9395	-74.5850	-8.2397
0.3326	-0.2616	-0.7850	-24.5361	-95.3369	-14.6484
0.3618	-0.2588	-1.0201	-37.2925	-106.7505	-19.9585
0.4526	-0.2711	-1.2657	-56.3354	-111.0840	-25.8179
0.5122	-0.2637	-1.4662	-87.3413	-110.8398	-34.8511
0.5356	-0.1975	-1.5408	-132.5684	-105.3467	-48.5840
0.4448	-0.0079	-1.4000	-188.5376	-93.5059	-65.9790
0.2582	0.3281	-1.0264	-240.4785	-77.2705	-79.7729
0.1195	0.6226	-0.5219	-272.0947	-58.7769	-79.8950
-2.0955	3.9541	3.9995	-195.8008	-79.5898	-71.2280
2.3054	0.8359	3.9021	365.9058	-172.4243	-4.8828
-3.2521	-3.9995	1.6243	292.9687	-230.1636	62.3169
-1.1138	0.5626	1.0642	-73.5474	-107.2388	-54.9927
-0.1174	0.6881	-0.2572	-92.5903	35.6445	-145.3247
-0.7993	-0.3506	0.1899	-13.1836	-1.2207	-70.4956
-1.3102	-0.0552	0.8395	0.0000	-76.0498	-53.5889
-1.3713	-0.2091	1.5151	8.4229	-69.7021	-29.2358
-0.6725	-0.3348	1.5826	12.5732	-4.3335	-0.6104
-0.1572	-0.3678	1.4819	5.4932	31.7993	7.3242
-0.1118	-0.2852	1.5172	-8.7280	19.4092	2.1362
-0.1558	-0.1696	1.5610	-20.2026	-3.3569	1.5259
-0.1720	-0.1740	1.5226	-22.8882	-17.2119	2.9297
-0.2104	-0.2102	1.4623	-22.0337	-20.9961	0.0000
-0.2482	-0.2174	1.3834	-20.3857	-12.8784	0.2441
-0.2113	-0.2205	1.3308	-19.7144	3.6011	3.6621
-0.1969	-0.1562	1.3405	-19.4092	16.4185	4.3945
-0.2052	-0.2089	1.3164	-16.4795	16.7236	2.0752
-0.3727	0.0247	1.4418	-15.8081	4.6387	1.4648
-0.5554	-0.0422	1.5864	-8.1177	0.3052	3.7231
-0.5209	-0.0872	1.5685	4.3335	9.7656	10.4370
-0.4049	-0.1273	1.5197	10.9863	21.9116	16.5405
-0.2844	-0.1299	1.4746	13.3667	28.8086	21.9116
-0.2380	-0.1119	1.4453	14.1602	29.7852	23.3154
-0.2263	-0.0823	1.4303	17.3340	31.7993	22.5220
-0.2068	-0.1021	1.3607	24.7803	38.2690	19.5313
-0.2225	-0.1075	1.2457	32.8369	46.1426	14.7095
-0.1976	-0.1382	1.1107	39.4897	52.3682	13.0615
-0.1682	-0.1465	0.9911	42.8467	55.1147	13.4888
-0.1731	-0.1454	0.9037	43.8232	53.8330	14.4043
-0.1602	-0.1445	0.8455	43.8232	52.9175	15.7471
-0.1357	-0.1416	0.8121	43.7012	52.8564	17.3340
-0.1058	-0.1691	0.7961	42.9077	53.3447	17.8223
-0.0720	-0.1831	0.7992	40.4053	53.5278	17.0898
-0.0511	-0.1749	0.8134	37.2314	52.8564	15.6250
-0.0437	-0.1896	0.8135	35.6445	51.7578	14.1602
-0.0844	-0.2010	0.7803	35.4614	49.3774	11.3525
-0.1311	-0.2126	0.7500	35.7666	47.1802	9.8877
-0.1445	-0.2183	0.7153	36.3159	47.1191	12.0239
-0.1123	-0.2513	0.6735	35.0952	47.6685	14.1602
-0.0721	-0.2506	0.6527	29.5410	46.3867	14.5874
-0.0378	-0.2345	0.6747	21.1792	42.5415	14.7095
-0.0044	-0.2095	0.7314	12.8784	38.1470	13.4277
-0.0223	-0.1725	0.8049	7.2632	33.1421	10.3149
-0.0375	-0.1644	0.8680	5.8594	30.4565	7.0801
-0.0529	-0.1726	0.8757	7.4463	31.4941	4.3335
-0.0734	-0.1919	0.8577	10.6812	33.3862	1.1597
-0.0844	-0.2115	0.8357	13.3667	35.5225	0.5493
-0.0671	-0.2302	0.8040	15.3198	36.2549	1.9531
-0.0508	-0.2623	0.7653	16.1743	34.6069	2.1973
-0.0522	-0.2723	0.7423	14.3433	31.0669	0.7935
-0.0408	-0.2633	0.7427	11.9629	27.0386	0.5493
-0.0122	-0.2604	0.7295	10.5591	24.0479	1.2817
-0.0032	-0.2581	0.7037	10.2539	20.2637	0.1831
-0.0072	-0.2435	0.6721	11.0474	16.7847	-1.8311
0.0110	-0.2416	0.6191	13.4277	15.0146	-2.6855
0.0348	-0.2454	0.5427	17.1509	13.9160	-3.4790
0.0707	-0.2404	0.4318	21.1792	11.7798	-3.9673
0.1122	-0.2616	0.2909	24.1089	6.3477	-4.4556
0.1285	-0.3044	0.1364	23.8037	-3.9673	-5.4932
0.1167	-0.3413	-0.0134	17.2729	-18.0054	-6.7139
0.0940	-0.3582	-0.1620	5.3101	-34.2407	-9.0332
0.0909	-0.3444	-0.3098	-9.2773	-49.0723	-11.2915
0.1256	-0.3068	-0.4828	-24.3530	-61.8896	-12.6343
0.1611	-0.2777	-0.7164	-37.1094	-74.5239	-16.9067
0.2430	-0.2716	-1.0151	-50.1709	-89.1113	-23.8037
0.2781	-0.3083	-1.3201	-68.8477	-104.1260	-30.1514
0.2051	-0.3429	-1.5793	-99.8535	-115.8447	-37.2314
0.0801	-0.3031	-1.7157	-147.0947	-117.0654	-45.2881
-0.0587	-0.1240	-1.6223	-207.5806	-106.3843	-52.3071
-0.2112	0.1638	-1.3123	-268.3105	-89.1724	-56.8237
-0.2866	0.5552	-0.7722	-315.9180	-73.1812	-58.8989
-3.9995	3.9995	3.9995	-225.9521	-34.9731	-57.4341
3.9995	-1.9938	3.8514	381.8359	-180.9692	43.9453
-3.4541	-3.3353	2.4524	133.5449	-213.9282	42.1143
-1.1000	1.5210	1.4551	-162.9028	-71.8384	-136.7798
-0.0748	0.0245	-0.4332	-61.5234	49.6826	-113.7085
-0.3855	-0.5211	-0.0684	-10.6201	-6.4697	-47.7295
-1.0251	0.0056	0.9929	-8.5449	-77.8809	-23.5596
-0.7936	-0.1064	1.6888	1.5259	-79.0405	-6.6528
-0.6803	-0.0931	1.7891	0.9155	-45.1660	5.3711
-0.6768	-0.1743	1.7428	-6.2866	-28.5034	6.3477
-0.5580	-0.1377	1.5754	-17.7612	-16.4185	9.5825
-0.4471	-0.0980	1.4272	-26.3672	-3.9673	14.1602
-0.3551	-0.0436	1.4226	-27.4658	1.2817	15.2588
-0.2039	-0.0410	1.4446	-20.6909	4.8218	17.3340
-0.0928	-0.0912	1.4326	-11.5356	10.3149	19.7144
-0.0847	-0.0963	1.3843	-5.2490	14.5264	19.5313
-0.2305	-0.0922	1.3214	-1.6479	13.6108	16.2354
-0.3610	-0.0325	1.3365	0.6714	12.5122	13.7329
-0.3829	-0.0979	1.3074	4.4556	16.7236	15.0757
-0.4576	0.0452	1.4128	7.0190	15.7471	17.8833
-0.5190	-0.0586	1.4585	14.3433	12.4512	19.3481
-0.4855	-0.0413	1.4635	21.1182	14.7705	22.9492
-0.4136	-0.0466	1.4662	24.3530	22.9492	26.6724
-0.3326	-0.0336	1.4213	28.5645	32.1045	27.8931
-0.2540	-0.0623	1.3337	33.7524	38.2080	27.0386
-0.2391	-0.0785	1.2395	36.9873	41.2598	24.7803
-0.2496	-0.0847	1.1490	38.5132	43.9453	21.9727
-0.2427	-0.1021	1.0526	39.4287	49.2554	19.5313
-0.2328	-0.0995	0.9880	38.3301	56.0303	16.7847
-0.2067	-0.0881	0.9290	36.7432	62.4390	14.0381
-0.1432	-0.0845	0.8721	36.7432	66.4063	13.1836
-0.1064	-0.0872	0.8300	37.2314	65.4297	12.8174
-0.1055	-0.0814	0.8077	37.7197	60.2417	12.5122
-0.1418	-0.1002	0.7791	38.5132	54.6265	12.8784
-0.1904	-0.1324	0.7495	37.9639	51.2695	12.4512
-0.2069	-0.1489	0.7313	34.7290	52.1851	11.7798
-0.2078	-0.1495	0.7424	30.2734	57.0068	10.9863
-0.1614	-0.1428	0.7778	25.3296	60.6079	11.9629
-0.1333	-0.1245	0.8265	22.2778	61.0352	11.8408
-0.1145	-0.1023	0.8567	22.3389	59.3872	10.3149
-0.0992	-0.0962	0.8602	25.5737	56.2744	9.8267
-0.0953	-0.1124	0.8418	29.9072	51.6968	9.3994
-0.0975	-0.1287	0.8203	32.9590	46.6919	9.5825
-0.0990	-0.1500	0.8019	34.1797	43.0908	10.1929
-0.0874	-0.1627	0.7766	34.6069	40.8325	10.0098
-0.0653	-0.2041	0.7437	34.4849	39.3677	9.4604
-0.0718	-0.2239	0.7059	31.1890	37.9639	7.6294
-0.0789	-0.2288	0.6686	26.6724	36.4380	4.7607
-0.0660	-0.2400	0.6334	23.0713	35.0342	3.7231
-0.0264	-0.2408	0.6017	20.0195	32.7148	4.0894
-0.0205	-0.2274	0.5776	17.7002	28.0762	3.9062
-0.0192	-0.2161	0.5466	16.9067	22.7051	3.4790
0.0088	-0.2158	0.4899	17.8223	18.7988	4.3945
0.0551	-0.2336	0.3948	19.0430	14.1602	4.6997
0.1007	-0.2523	0.2812	18.3716	7.2632	4.2114
0.1624	-0.2710	0.1508	14.8926	-2.3193	3.7842
0.2419	-0.3175	-0.0027	9.2163	-14.7095	4.0283
0.2998	-0.3452	-0.1599	0.0000	-30.5786	2.5635
0.3303	-0.3513	-0.3369	-10.9253	-48.8892	-1.7700
0.3229	-0.3369	-0.5643	-22.1558	-67.5049	-6.1646
0.2717	-0.3071	-0.8446	-33.2642	-84.8389	-10.5591
0.2277	-0.3080	-1.1577	-46.6309	-98.5718	-14.7705
0.2495	-0.3109	-1.4709	-68.3594	-107.1167	-18.9209
0.2994	-0.3008	-1.7032	-102.7832	-111.3281	-25.8789
0.2599	-0.2064	-1.7306	-150.2686	-111.0229	-39.3066
0.0393	0.0557	-1.4598	-202.7588	-102.7832	-52.7344
-0.0813	0.3309	-1.0151	-244.5679	-81.9702	-54.4434
-1.4161	2.6458	3.9995	-253.8452	-62.0117	-52.0020
1.8922	3.6592	3.5122	250.9766	-159.1797	20.9961
-1.3921	-3.9995	2.3052	359.4360	-271.9727	51.6968
-2.3735	0.3086	1.9877	-38.0859	-152.7100	-75.6836
-0.4821	0.4344	-0.1382	-122.4365	45.5933	-127.3193
-0.1874	-0.2848	-0.2266	-29.9683	50.4150	-63.1714
-1.0791	-0.2684	0.8104	-1.7700	-52.4902	-38.7573
-1.2794	-0.0125	1.4648	4.3945	-86.6699	-21.6675
-0.7800	-0.2976	1.6693	10.8032	-33.9355	-3.1128
-0.6177	-0.1565	1.6025	-0.6104	-0.1221	-2.2583
-0.5298	-0.1572	1.5521	-12.5122	4.5166	-2.8687
-0.3879	-0.1252	1.4922	-16.9067	7.8125	6.0425
-0.2205	-0.1069	1.4329	-15.7471	11.2305	9.7046
-0.1416	-0.1448	1.3295	-12.3901	11.0474	6.8970
-0.1260	-0.1809	1.2906	-10.1929	11.0474	5.9204
-0.1484	-0.1793	1.3278	-11.1084	13.2446	5.9204
-0.1548	-0.1646	1.3271	-12.6953	14.4043	4.5166
-0.3750	-0.0920	1.3751	-13.7329	9.9487	2.6245
-0.5072	-0.0909	1.3617	-11.7798	11.7187	2.1973
-0.4727	-0.0906	1.3481	-11.9019	18.3716	4.7607
-0.5222	0.0873	1.4865	-10.8643	21.1182	9.9487
-0.4152	-0.0186	1.5066	3.6011	25.6958	17.7002
-0.3364	-0.0638	1.4374	15.3198	24.1699	22.5220
-0.2913	-0.0819	1.3997	19.8975	19.8364	25.0854
-0.3101	-0.0588	1.3851	22.3389	18.0054	25.3906
-0.3093	-0.0630	1.3428	27.9541	21.8506	23.4375
-0.2853	-0.0864	1.2651	34.1797	29.6631	21.7285
-0.2567	-0.1034	1.1719	38.8794	37.4756	20.5078
-0.2540	-0.0950	1.0862	41.1377	42.7856	18.3716
-0.2561	-0.0876	1.0092	42.7856	46.0205	17.1509
-0.2322	-0.0887	0.9431	44.5557	48.4009	18.0664
-0.1953	-0.0917	0.8822	46.1426	49.8657	18.0664
-0.1769	-0.1151	0.8285	46.8140	48.5229	16.7236
-0.1986	-0.1235	0.7889	45.2881	45.8374	15.7471
-0.2015	-0.1248	0.7520	42.8467	44.3115	14.7095
-0.1707	-0.1680	0.7035	40.1611	44.5557	15.0757
-0.1688	-0.1855	0.6888	34.4238	44.4336	15.0757
-0.1823	-0.1749	0.6893	27.0996	44.8608	14.2212
-0.1882	-0.1671	0.6949	22.2168	47.3022	13.6719
-0.1787	-0.1741	0.7087	20.0195	51.8188	14.7095
-0.0958	-0.1852	0.6982	17.4561	53.0396	17.8223
-0.0310	-0.1830	0.6947	14.9536	48.3398	17.8223
-0.0215	-0.1835	0.7090	13.0005	38.8184	16.2964
-0.0277	-0.1785	0.7242	11.5967	29.2358	14.4653
-0.0323	-0.1896	0.7361	10.9863	22.5220	13.0005
-0.0577	-0.2017	0.7528	9.2163	19.2871	10.4370
-0.0837	-0.2122	0.7760	5.4932	20.6299	7.2021
-0.0909	-0.1967	0.7977	0.9155	26.6113	4.3335
-0.0945	-0.1854	0.8259	-0.9155	33.3862	2.3804
-0.0557	-0.1820	0.8422	-0.3052	39.0015	2.9297
-0.0116	-0.1825	0.8491	1.9531	39.9780	4.3335
0.0028	-0.1930	0.8453	4.3945	35.4614	4.2725
-0.0012	-0.2013	0.8286	5.9204	28.2593	3.6011
-0.0035	-0.2118	0.8005	5.8594	21.6064	3.0518
0.0024	-0.2065	0.7756	4.9438	15.1367	2.5635
0.0112	-0.1942	0.7592	4.0894	9.6436	2.1362
0.0104	-0.1801	0.7433	5.0049	5.4321	0.6714
-0.0042	-0.1698	0.7098	8.3008	2.3193	-1.1597
-0.0190	-0.1847	0.6404	13.0615	1.6479	-2.8687
-0.0083	-0.2134	0.5341	16.1133	2.8076	-4.3335
-0.0009	-0.2373	0.4144	14.7705	3.2959	-5.9814
0.0242	-0.2563	0.2859	8.9722	1.7700	-7.1411
0.0753	-0.2650	0.1571	0.3662	-2.9907	-8.5449
0.1594	-0.2689	0.0096	-9.5825	-13.4888	-9.7656
0.2462	-0.2645	-0.1534	-20.9351	-31.6162	-11.7798
0.2710	-0.2479	-0.3297	-32.3486	-56.8848	-15.5640
0.2285	-0.2350	-0.5173	-42.6025	-83.6792	-19.2871
0.1970	-0.2448	-0.7202	-51.4526	-104.6753	-21.2402
0.1663	-0.2838	-0.9459	-61.9507	-116.1499	-23.2544
0.1719	-0.3434	-1.1323	-80.6885	-116.5771	-28.4424
0.2006	-0.3558	-1.2128	-113.2202	-105.6519	-37.2314
0.1829	-0.2311	-1.1285	-156.3110	-87.8296	-49.5605
0.0667	-0.0160	-0.8928	-200.0122	-66.8335	-62.8052
-1.1791	0.4489	3.6396	-234.2529	-44.1895	-70.6787
-2.1974	3.9995	3.9995	68.2373	95.7642	-30.3345
2.4911	-3.9995	2.5563	365.7837	-139.0991	89.8438
-2.1904	-0.5173	1.7985	19.6533	-113.6475	-64.6973
-0.2883	0.2579	0.2771	-128.4180	-27.4658	-117.9810
0.0278	-0.3336	0.2135	-80.5054	59.2041	-53.2837
-0.2500	-0.0437	0.5905	-54.9927	11.1084	-36.8652
-0.7067	0.0757	1.0034	-36.6821	-60.6079	-35.1563
-0.7727	0.0021	1.4493	-21.9116	-72.8149	-12.1460
-0.8502	0.0594	1.8512	-19.8364	-44.7388	0.0610
-0.7329	-0.0171	2.0306	-24.5972	-7.0190	1.7700
-0.5118	-0.0975	1.9972	-31.0059	21.7285	7.9956
-0.3179	-0.0684	1.9105	-37.1704	33.6914	9.2773
-0.3964	0.1500	1.9471	-37.4146	23.7427	7.9346
-0.5068	0.1394	1.9916	-21.6675	10.6201	5.9204
-0.4738	0.0138	1.9840	9.5825	5.3101	10.9253
-0.4608	-0.0220	1.8809	32.4707	-2.0142	12.5122
-0.4783	-0.0544	1.7756	44.6777	0.1831	12.3901
-0.3752	-0.0339	1.6193	51.6357	11.4136	16.9678
-0.2439	-0.0477	1.4465	55.2368	23.1323	18.4326
-0.1467	-0.0387	1.2854	55.1758	29.8462	17.2729
-0.0769	-0.0385	1.1581	53.2227	32.2266	17.7002
-0.0519	-0.0226	1.0872	49.5605	32.7148	18.7988
-0.0537	0.0021	1.0333	47.0581	33.7524	18.7378
-0.1166	-0.0083	0.9744	48.6450	39.8560	17.7002
-0.1177	-0.0497	0.8943	50.6592	50.2319	18.0054
-0.0704	-0.0703	0.8090	51.1475	55.4810	17.3340
-0.0481	-0.1102	0.7281	52.4292	58.2886	13.1226
-0.0692	-0.1418	0.6689	51.0864	55.6641	10.1318
-0.0918	-0.1620	0.6428	47.6074	54.3213	6.9580
-0.1008	-0.1764	0.6379	40.6494	53.1006	4.4556
-0.1238	-0.1560	0.6520	32.3486	51.0864	0.6714
-0.1907	-0.1478	0.6975	26.0620	49.1943	-2.2583
-0.2490	-0.1256	0.7289	22.9492	49.7437	-1.8311
-0.2244	-0.1263	0.7301	23.4985	52.3682	2.0752
-0.1819	-0.1469	0.7167	25.8789	52.4292	6.0425
-0.1693	-0.1581	0.7003	27.7100	47.9126	8.3618
-0.1604	-0.1774	0.6918	28.4424	41.4429	11.3525
-0.1334	-0.1907	0.6787	28.0762	35.7666	13.7939
-0.0967	-0.2052	0.6794	25.8179	30.7007	15.1978
-0.0653	-0.1895	0.7159	22.2168	26.5503	14.7095
-0.0685	-0.1801	0.7584	19.2261	23.8647	12.7563
-0.0713	-0.1724	0.7733	18.1274	23.4375	9.8877
-0.0605	-0.1970	0.7731	18.6768	24.6582	7.9346
-0.0543	-0.2111	0.7604	18.4937	25.6348	6.5918
-0.0471	-0.2244	0.7445	18.5547	25.2686	5.6152
-0.0457	-0.2345	0.7375	19.3481	24.1699	5.4321
-0.0066	-0.2477	0.7317	19.7754	21.8506	6.5918
0.0404	-0.2502	0.7264	19.2871	17.5171	6.5308
0.0553	-0.2485	0.7201	17.8833	10.0098	4.2725
0.0354	-0.2406	0.7126	16.2354	1.2817	1.4038
-0.0004	-0.2368	0.6810	15.2588	-5.7373	-1.2207
-0.0573	-0.2515	0.6190	14.4653	-10.5591	-3.7231
-0.1180	-0.2574	0.5387	13.6108	-11.8408	-6.0425
-0.1287	-0.2686	0.4532	12.2070	-9.4604	-5.6763
-0.0709	-0.2748	0.3558	10.3149	-6.5308	-3.0518
0.0229	-0.2925	0.2454	7.7515	-8.1177	-0.7324
0.1014	-0.3081	0.1274	2.7466	-18.1885	0.0000
0.1494	-0.3239	-0.0175	-5.2490	-35.8276	-0.9155
0.1592	-0.3290	-0.1808	-17.5171	-58.6548	-2.5635
0.1083	-0.2997	-0.3427	-33.2031	-81.9092	-6.4087
-0.0063	-0.3071	-0.4907	-50.4761	-100.3418	-14.0991
-0.1107	-0.2855	-0.6160	-70.3125	-107.4829	-21.7896
-0.0886	-0.2638	-0.6870	-91.0645	-102.2339	-23.5596
0.0664	-0.2275	-0.7234	-111.6943	-91.9189	-20.3247
0.2477	-0.1774	-0.7183	-132.8125	-85.6934	-19.2261
0.3142	-0.0890	-0.6731	-155.0903	-88.0127	-24.7192
0.3854	0.0068	-0.6116	-178.2837	-95.9473	-31.0059
0.2499	0.1528	-0.4250	-204.5288	-109.0698	-39.4897
-0.1904	0.5199	0.4390	-231.0791	-119.2017	-50.5371
-3.3041	3.9995	3.9995	12.3901	-153.5645	-26.0010
2.4403	-3.9995	1.7892	420.5322	-207.5195	20.3857
-3.2184	-1.1722	1.5840	70.7397	-150.8179	-75.6226
-1.1025	0.8141	1.2239	-136.5356	-49.9878	-74.2798
-0.1459	-0.3097	0.5829	-104.8584	87.8906	8.1177
-0.2156	-0.0610	0.6636	-60.7910	47.9736	6.2256
-0.7396	0.0186	0.8348	-34.2407	-32.7148	-14.7095
-1.1997	0.0359	1.0641	-20.1416	-66.7114	-2.9297
-1.3068	-0.1238	1.5492	-14.7705	-39.5508	13.7329
-0.9871	0.0082	1.9015	-16.9678	9.8877	20.8130
-0.6519	-0.0824	1.9531	-14.5874	36.9873	29.0527
-0.4906	-0.0688	1.9010	-13.7939	37.2925	30.8228
-0.4032	0.0259	1.7548	-15.1367	28.8086	30.2124
-0.3672	0.2307	1.8346	-9.3384	12.3291	34.1797
-0.2802	0.0311	1.7291	20.0806	-2.1362	28.6255
-0.3267	-0.0956	1.5762	43.2129	-9.4604	21.4844
-0.4016	-0.0908	1.4907	47.3633	-3.7231	20.8740
-0.3801	-0.0509	1.4164	46.1426	15.8691	21.4233
-0.2689	-0.0521	1.3134	48.0347	38.0859	19.7144
-0.1256	-0.0541	1.1921	49.0112	51.6968	17.4561
-0.0527	-0.0524	1.1016	48.1567	52.4902	15.2588
-0.0902	-0.0360	1.0460	47.4243	46.1426	12.5122
-0.1665	-0.0410	0.9971	48.2788	41.2598	11.9629
-0.1786	-0.0674	0.9370	49.5605	42.0532	13.6719
-0.1801	-0.0710	0.8711	50.1099	45.8374	14.3433
-0.2097	-0.0785	0.8184	50.9033	53.1006	13.3057
-0.1698	-0.1200	0.7686	47.8516	57.5562	15.3198
-0.1559	-0.1182	0.7306	43.1519	58.2275	13.4888
-0.1565	-0.1311	0.7076	38.3301	57.5562	11.1084
-0.1658	-0.1500	0.6909	33.2031	56.5796	8.9722
-0.1610	-0.1577	0.6692	28.5645	56.1523	6.4697
-0.1545	-0.1656	0.6676	24.6582	54.7485	5.3101
-0.1317	-0.1631	0.6737	21.2402	52.6733	5.9814
-0.0957	-0.1603	0.6841	19.1040	48.6450	7.5684
-0.1034	-0.1626	0.7114	18.3105	41.9922	7.8735
-0.1276	-0.1716	0.7371	17.8833	35.5835	7.0801
-0.1614	-0.1769	0.7556	16.9067	32.3486	6.3477
-0.1902	-0.1858	0.7562	16.1133	33.5083	5.1270
-0.1979	-0.2051	0.7469	14.7095	38.2080	4.2114
-0.1613	-0.2164	0.7360	12.0239	42.9077	3.9673
-0.1152	-0.2081	0.7318	9.5825	44.9829	3.7842
-0.0667	-0.2039	0.7344	8.3008	42.6636	4.1504
-0.0177	-0.1851	0.7496	8.1177	36.4990	5.3101
0.0026	-0.1754	0.7728	9.8877	27.5269	6.5918
-0.0070	-0.1677	0.7871	12.6343	18.8599	6.7139
-0.0278	-0.1775	0.7815	16.0522	13.1836	6.1035
-0.0367	-0.1929	0.7494	18.7378	10.8032	5.0049
-0.0099	-0.2187	0.6868	20.7520	10.4370	2.9907
0.0216	-0.2588	0.6168	20.4468	9.3994	-0.1221
0.0453	-0.2705	0.5588	17.0288	6.4697	-4.0894
0.0315	-0.2611	0.5199	12.5732	2.0142	-8.1787
0.0210	-0.2439	0.4882	9.3994	-1.8311	-11.0474
0.0161	-0.2346	0.4408	8.0566	-5.3101	-11.7798
0.0303	-0.2277	0.3683	7.2632	-9.5825	-11.1694
0.0599	-0.2439	0.2629	5.9204	-17.1509	-11.5356
0.0732	-0.2618	0.1349	1.7090	-28.3203	-13.8550
0.0879	-0.2739	-0.0162	-5.5542	-42.0532	-16.5405
0.1610	-0.3032	-0.2184	-15.6250	-57.2510	-18.5547
0.2800	-0.3599	-0.4603	-29.2969	-76.2329	-21.7896
0.2760	-0.3610	-0.6583	-49.1333	-100.8911	-29.6021
0.1873	-0.3240	-0.7916	-71.8994	-123.9624	-39.2456
0.0444	-0.2697	-0.8645	-94.4214	-134.1553	-44.5557
-0.0604	-0.1877	-0.8668	-117.4316	-126.0986	-44.9829
-0.0884	-0.0701	-0.7952	-142.1509	-101.2573	-45.2881
-0.0380	0.0872	-0.6742	-168.7012	-67.8101	-47.8516
0.0522	0.2566	-0.4851	-194.0308	-36.8042	-52.9175
-3.9995	3.6644	3.9995	-165.1611	52.9175	-59.6313
3.9723	1.1237	3.9995	271.9727	162.4756	4.8218
-2.5627	-3.0713	1.9303	237.4878	-163.6353	12.9395
-1.3131	0.0582	1.0325	-41.4429	-123.4131	-101.6235
0.0139	-0.1962	0.3033	-98.6938	0.9766	-50.6592
0.0593	-0.1558	0.4203	-89.4165	43.6401	-20.2026
-0.5560	0.0598	0.9594	-47.9736	-19.8364	-25.3906
-0.9141	-0.0444	1.4143	-10.9253	-68.8477	-12.8784
-1.1357	-0.0524	1.6755	0.3052	-65.6128	7.0190
-1.0790	-0.1575	1.8774	-4.2725	-30.8838	16.3574
-0.7201	-0.1300	1.7437	-17.7002	5.5542	16.2354
-0.5135	-0.1111	1.5684	-25.1465	23.0103	17.0898
-0.3206	-0.0380	1.4727	-25.8789	28.9307	19.1650
-0.1718	0.0215	1.4509	-21.3013	28.9307	21.7285
-0.1219	0.0000	1.4246	-12.6343	20.0806	21.9727
-0.0931	0.0066	1.4738	-2.7466	6.0425	21.3013
-0.2035	-0.0536	1.4376	8.3618	-3.2959	16.8457
-0.2849	-0.0300	1.4041	16.4795	-3.4790	13.7939
-0.4176	0.0645	1.4255	21.4233	0.7935	13.6719
-0.4430	-0.0536	1.3799	29.6631	12.1460	14.0381
-0.3350	-0.0789	1.2350	35.3394	24.1699	16.2354
-0.2506	-0.0752	1.1639	31.3110	28.5645	15.8081
-0.2090	-0.0408	1.1412	27.7710	26.4893	16.7236
-0.1934	-0.0258	1.1293	28.1982	24.2310	17.0898
-0.1681	-0.0520	1.0939	32.5317	25.5737	16.6626
-0.1550	-0.0699	1.0524	35.9497	30.4565	14.7095
-0.1593	-0.0640	1.0118	38.0859	36.9873	13.6719
-0.1744	-0.0676	0.9783	40.3442	45.8984	12.8784
-0.1853	-0.1030	0.9393	40.6494	53.1616	12.4512
-0.1842	-0.1025	0.9043	38.0859	57.5562	10.0708
-0.1741	-0.1165	0.8733	35.5835	60.4248	8.5449
-0.1863	-0.1266	0.8551	32.7148	59.1431	7.5684
-0.1907	-0.1187	0.8510	31.1279	55.2979	6.9580
-0.1758	-0.1278	0.8452	31.0059	49.9878	7.7515
-0.1788	-0.1393	0.8411	31.3110	44.0674	8.4229
-0.1796	-0.1390	0.8406	30.8838	39.1235	9.0942
-0.1743	-0.1454	0.8657	29.8462	36.2549	9.9487
-0.1959	-0.1378	0.8929	28.7476	35.6445	9.7656
-0.2076	-0.1409	0.8909	29.1138	37.4146	8.3618
-0.1821	-0.1603	0.8656	30.2124	41.8701	7.5684
-0.1802	-0.1874	0.8262	29.6631	46.0205	6.4697
-0.1842	-0.2026	0.7864	26.9775	48.0347	6.2256
-0.1681	-0.2084	0.7622	23.0103	47.7905	7.3853
-0.1384	-0.2098	0.7540	18.9819	44.1895	9.7046
-0.1010	-0.2007	0.7542	16.9067	38.5742	13.7329
-0.0693	-0.2021	0.7677	16.2964	32.7759	17.1509
-0.0361	-0.2073	0.7920	15.6860	27.2217	18.1885
0.0028	-0.1990	0.8120	14.9536	23.6206	17.5781
0.0411	-0.1926	0.8297	14.6484	20.8130	16.2354
0.0662	-0.1852	0.8403	15.1978	17.8833	14.3433
0.0317	-0.1876	0.8407	16.6016	14.5264	11.4746
0.0010	-0.1935	0.8280	17.8833	13.1836	7.4463
-0.0286	-0.2090	0.7938	19.1650	14.4653	4.6997
-0.0576	-0.2213	0.7489	20.5078	16.1743	3.0518
-0.0670	-0.2279	0.7045	21.4233	17.9443	2.9297
-0.0480	-0.2234	0.6602	22.5220	18.0664	3.2959
-0.0389	-0.2339	0.6108	23.8647	14.4653	3.0518
-0.0405	-0.2382	0.5388	25.2686	7.8125	3.7842
-0.0048	-0.2505	0.4442	26.4282	-0.7324	5.6152
0.0187	-0.2594	0.3182	26.9775	-12.2681	6.5918
0.0339	-0.2692	0.1658	25.9399	-27.4658	7.0801
0.0142	-0.2780	-0.0033	22.6440	-44.9829	6.8359
0.0261	-0.3143	-0.2031	16.8457	-62.8662	5.0049
0.1252	-0.3401	-0.4152	6.2866	-78.8574	3.4790
0.2725	-0.3610	-0.6501	-7.2632	-94.6045	2.1973
0.3585	-0.3801	-0.9094	-21.9727	-113.8306	-3.9673
0.3125	-0.3796	-1.2094	-38.2080	-132.3853	-14.9536
0.1820	-0.3895	-1.4889	-60.1196	-141.6626	-26.1230
-0.0142	-0.3114	-1.5874	-95.8862	-133.9722	-33.0200
-0.0183	-0.1113	-1.5471	-143.3105	-103.9429	-37.7197
0.0287	0.0853	-1.3518	-193.5425	-59.3262	-47.7295
0.0763	0.3257	-1.0382	-240.1733	-16.7236	-58.5938
-2.4172	2.4347	3.9995	-255.6763	15.8081	-64.5142
1.7268	3.5159	3.9995	267.5171	78.0029	1.7090
-0.1730	-3.9995	1.5944	453.6743	-173.8892	107.1777
-1.6693	-0.7725	0.9128	-28.2593	-90.8813	-8.1177
0.5483	0.6082	-0.3447	-189.9414	3.0518	-145.9351
-0.7174	0.1312	0.2423	-99.0601	13.7939	-121.3989
-1.6879	-0.3718	1.0631	-45.7764	-54.6265	-51.3916
-1.6040	-0.0992	1.5054	-9.0332	-76.0498	-8.6060
-1.0813	-0.3551	1.6390	3.2349	-41.7480	16.1133
-0.6864	-0.2782	1.7402	-13.1226	-6.2256	30.4565
-0.3196	-0.1733	1.6898	-39.0015	20.9961	19.6533
-0.1947	-0.1129	1.5338	-50.3540	31.7993	11.2915
-0.0205	-0.1016	1.4097	-47.0581	27.7710	13.1226
-0.0643	-0.0979	1.3370	-40.5273	16.0522	13.4277
-0.1875	-0.0889	1.3752	-32.5928	4.5776	13.1836
-0.2723	-0.1329	1.3713	-26.2451	8.4839	14.5264
-0.2118	-0.1713	1.3573	-23.3154	22.0947	17.4561
-0.2225	-0.1678	1.3502	-23.9258	33.1421	16.3574
-0.2555	-0.1261	1.3448	-24.1699	38.3301	13.6719
-0.3096	-0.0525	1.3560	-22.1558	40.7715	11.6577
-0.3417	-0.0109	1.3674	-16.4795	41.2598	12.7563
-0.3062	0.0703	1.3862	-7.5684	40.5884	15.4419
-0.2195	0.0045	1.3904	5.6152	32.9590	22.2168
-0.2294	-0.0175	1.3506	16.8457	21.9727	25.3906
-0.2389	-0.0400	1.3074	23.9868	17.1509	26.1230
-0.2196	-0.0540	1.2542	28.7476	21.4844	26.7334
-0.1964	-0.0555	1.1868	31.0669	30.7617	26.6113
-0.1462	-0.0494	1.0970	33.0811	40.8936	25.3296
-0.1167	-0.0652	1.0095	34.4238	48.4009	23.4985
-0.1146	-0.0593	0.9480	33.7524	53.0396	20.7520
-0.1125	-0.0646	0.9092	32.5317	54.0161	20.1416
-0.1235	-0.0706	0.8810	32.2876	54.7485	18.3716
-0.1115	-0.0752	0.8538	32.5928	55.9082	16.4185
-0.1212	-0.1042	0.8368	33.2642	56.2744	15.5029
-0.1075	-0.1324	0.8057	32.1655	55.5420	15.0146
-0.1045	-0.1387	0.7738	29.0527	54.8706	13.3057
-0.0885	-0.1510	0.7677	25.5127	53.0396	12.0850
-0.0479	-0.1646	0.7601	21.5454	50.1709	12.0239
-0.0021	-0.1561	0.7551	17.5171	46.0815	11.4746
0.0253	-0.1534	0.7512	15.0146	39.4897	10.1318
0.0294	-0.1561	0.7592	13.0615	32.4707	8.7280
-0.0104	-0.1564	0.7726	11.2305	27.1606	7.0190
-0.0496	-0.1542	0.7795	10.2539	26.6113	4.9438
-0.0753	-0.1552	0.7894	9.8877	31.4331	3.7842
-0.0570	-0.1704	0.7906	10.0708	38.2690	3.6011
-0.0353	-0.1782	0.7896	9.4604	43.6401	1.5259
-0.0361	-0.1696	0.8102	7.8125	44.9829	-0.6104
-0.0481	-0.1548	0.8395	7.3853	42.9077	-1.5259
-0.0465	-0.1569	0.8372	9.1553	39.0015	-2.9297
-0.0232	-0.1759	0.8074	11.8408	32.9590	-3.5400
-0.0255	-0.1829	0.7786	13.1226	24.3530	-3.7842
-0.0486	-0.1838	0.7449	13.7329	15.6860	-4.6387
-0.0715	-0.1884	0.6903	14.7095	9.8267	-5.6763
-0.0759	-0.1975	0.6097	16.1743	6.7139	-5.9814
-0.0463	-0.2072	0.5114	17.1509	3.1738	-5.7373
-0.0082	-0.2224	0.3939	17.0288	-2.1973	-6.0425
0.0085	-0.2393	0.2725	14.3433	-9.8877	-7.2021
0.0001	-0.2609	0.1514	8.7280	-19.0430	-9.3994
-0.0028	-0.2766	0.0330	0.7324	-27.5879	-11.5356
0.0677	-0.2759	-0.1095	-8.7280	-34.5459	-11.9629
0.1711	-0.2942	-0.2897	-18.3105	-43.8232	-10.1318
0.2125	-0.3275	-0.4971	-27.8931	-58.8989	-8.7891
0.2222	-0.3777	-0.7255	-39.9780	-77.1484	-9.1553
0.1919	-0.3755	-0.9521	-57.1899	-93.0176	-11.1084
0.1763	-0.3649	-1.1669	-79.7729	-102.4170	-14.0381
0.1617	-0.3367	-1.3433	-110.2295	-103.2104	-19.8975
0.0524	-0.2061	-1.3596	-151.7334	-95.3369	-29.7241
-0.0598	0.0391	-1.2108	-198.4863	-76.6602	-36.7432
-0.0007	0.4335	0.8245	-238.7695	-47.7295	-39.3066
-2.7177	3.9995	3.9995	-5.3101	-32.4707	-24.1699
3.1370	-3.9492	1.8656	431.0303	-129.3335	75.1343
-1.2646	-1.3446	1.7847	78.4302	-99.1821	59.6924
0.3291	0.8489	0.0647	-171.8750	-31.6772	-131.1646
-0.9877	-0.4983	0.1473	-101.0742	-2.2583	-133.6060
-1.4391	-0.1068	0.6810	-63.3545	-47.2412	-71.5942
-1.4307	-0.0005	1.3397	-26.4893	-69.7021	-30.3345
-1.2107	-0.0768	1.6836	3.1128	-55.5420	3.6621
-0.8240	-0.2261	1.7019	14.3433	-22.8271	24.5361
-0.3878	-0.1962	1.6807	-5.1880	17.2119	20.0806
-0.0432	-0.0273	1.6173	-31.1279	43.9453	10.0708
0.1442	0.0087	1.5118	-38.3911	39.9780	7.4463
0.0674	0.0409	1.4575	-34.2407	18.3105	4.5166
-0.0579	0.0231	1.4484	-25.5127	3.0518	0.5493
-0.1289	0.0001	1.4490	-17.0898	1.7700	1.5869
-0.1656	-0.0316	1.4633	-10.4980	6.5308	6.2256
-0.1670	-0.0490	1.4751	-7.0190	11.9629	7.9956
-0.2010	-0.0070	1.4828	-6.4087	7.9346	8.5449
-0.4061	0.1555	1.5725	-4.4556	3.3569	4.6387
-0.4026	0.0796	1.5715	9.6436	11.8408	4.3945
-0.2782	0.0323	1.4869	22.7661	20.3857	8.7891
-0.2682	0.0034	1.4008	29.4800	18.0664	10.1318
-0.2998	0.0144	1.3381	32.8979	13.3057	11.8408
-0.3019	0.0081	1.2701	37.4146	13.8550	14.5264
-0.2811	-0.0095	1.1820	42.2974	20.5078	15.6860
-0.2087	-0.0328	1.0835	45.8374	30.5176	15.7471
-0.1223	-0.0469	1.0093	46.3867	39.0625	15.1367
-0.0762	-0.0497	0.9692	44.6777	43.7012	12.1460
-0.0663	-0.0431	0.9591	41.7480	45.4102	8.6670
-0.0264	-0.0404	0.9338	39.3677	46.8750	6.1035
-0.0408	-0.0530	0.9126	37.8418	49.3774	2.5024
-0.0796	-0.0574	0.8937	35.4614	49.3164	2.0142
-0.1349	-0.0514	0.8868	34.5459	46.1426	4.6387
-0.1459	-0.0616	0.8533	36.8042	45.3491	7.3242
-0.1334	-0.0966	0.8053	40.1001	44.0063	10.4980
-0.1261	-0.1302	0.7758	41.1987	41.7480	11.6577
-0.1249	-0.1469	0.7582	39.0625	39.3066	10.6812
-0.1210	-0.1675	0.7676	34.2407	38.6353	8.7891
-0.0928	-0.1708	0.7780	27.4048	39.3677	7.4463
-0.0482	-0.1687	0.7859	20.7520	38.7573	5.7983
-0.0709	-0.1654	0.7985	15.5029	35.7056	2.3804
-0.1212	-0.1445	0.8141	13.0005	33.5083	0.6714
-0.1437	-0.1445	0.8198	14.4043	33.6914	3.1738
-0.1206	-0.1538	0.8033	17.8833	35.3394	7.5073
-0.0836	-0.1722	0.7808	21.1792	35.8887	10.0708
-0.0525	-0.1781	0.7822	22.7051	33.9966	10.9863
-0.0114	-0.1797	0.7817	23.2544	30.2124	10.9863
0.0010	-0.1877	0.7798	23.1323	25.0244	9.7656
0.0216	-0.1968	0.7734	20.9961	19.3481	7.8735
0.0370	-0.1981	0.7559	17.4561	13.9771	5.0049
0.0121	-0.1925	0.7421	14.3433	8.7891	1.2817
-0.0142	-0.1886	0.7280	13.0615	6.0425	-1.8921
-0.0544	-0.1871	0.7040	13.5498	6.8359	-3.2959
-0.0389	-0.1976	0.6577	15.4419	10.4370	-3.4790
0.0042	-0.2045	0.6002	17.4561	13.3667	-2.8687
0.0491	-0.2128	0.5287	18.5547	11.4746	-2.0142
0.0778	-0.2180	0.4534	18.4326	4.0283	-0.9766
0.0886	-0.2488	0.3474	16.9678	-6.8970	-0.6714
0.0702	-0.2700	0.2352	11.7798	-19.8975	-1.7090
0.0244	-0.2646	0.1322	3.2959	-33.7524	-2.8687
-0.0015	-0.2742	0.0065	-5.0049	-44.9829	-3.5400
-0.0104	-0.2836	-0.1387	-15.1367	-54.1992	-4.1504
0.0088	-0.2900	-0.2858	-27.0386	-63.0493	-5.1880
0.0792	-0.3137	-0.4735	-39.6729	-72.8760	-6.2256
0.1454	-0.3419	-0.6884	-54.5044	-86.3647	-7.4463
0.1964	-0.3456	-0.9357	-72.3877	-104.1260	-8.7280
0.2014	-0.3383	-1.2035	-93.8721	-123.4741	-11.4136
0.1200	-0.3044	-1.4279	-122.4365	-137.8784	-17.0288
-0.0164	-0.2108	-1.5266	-161.9263	-139.5264	-26.0010
-0.1437	-0.0271	-1.4398	-209.9609	-121.7041	-36.3159
-0.1777	0.2610	-1.1788	-257.6294	-85.8765	-46.6309
-3.9995	3.9995	3.9995	-155.8228	15.5029	-50.0488
3.9995	-0.3151	2.9664	376.2207	-36.3159	72.5098
-1.0908	-3.5275	1.1631	141.8457	-44.7388	40.4053
-0.1056	1.2930	1.4474	-205.8716	-44.1895	-103.8818
-0.0502	0.3862	0.0773	-118.9575	-19.5313	-127.3804
-0.5222	-0.5408	0.3741	-64.3921	-42.0532	-45.8984
-1.0272	0.0077	1.2690	-44.3726	-83.0078	-36.8042
-1.1072	0.2462	1.9296	-21.8506	-104.5532	-17.3340
-1.1920	0.0116	2.1093	5.1270	-105.7129	13.1226
-1.4561	-0.1372	2.1301	5.2490	-79.6509	13.1226
-1.2922	-0.0610	2.0067	-16.6626	-27.4048	7.3853
-0.8486	0.0000	1.8672	-27.8931	24.3530	12.2070
-0.4105	0.0756	1.7736	-22.8271	51.4526	13.7329
-0.2446	0.0774	1.6638	-7.6904	49.1943	11.5356
-0.2098	0.0497	1.5541	8.8501	34.4849	9.3384
-0.2281	0.0179	1.4829	22.2778	22.5220	9.8877
-0.1644	0.0188	1.4440	31.4941	17.0288	9.0942
-0.3201	-0.0054	1.4409	41.9312	5.5542	7.3853
-0.4553	0.0674	1.4261	47.0581	-0.4272	9.3994
-0.5522	0.0432	1.3796	51.8799	3.2959	11.2305
-0.5306	0.0153	1.3000	53.7720	20.2026	13.1226
-0.4083	0.0161	1.2350	49.9878	41.7480	15.2588
-0.2427	0.0208	1.1757	45.3491	57.5562	16.1133
-0.1202	0.0305	1.1202	43.0298	64.0259	15.1978
-0.0646	0.0125	1.0865	43.1519	62.5000	14.7705
-0.0190	0.0216	1.0438	45.2881	56.8237	16.2964
0.0276	0.0035	0.9982	49.7437	50.1099	18.1885
-0.0338	-0.0306	0.9497	53.7720	43.8232	16.6016
-0.1544	-0.0602	0.9110	54.1992	44.6777	12.3901
-0.1898	-0.0507	0.8677	52.4292	57.0068	10.6812
-0.1282	-0.0992	0.8160	49.1943	68.5425	11.9629
-0.0857	-0.0905	0.7797	45.3491	76.2939	6.9580
-0.0760	-0.1045	0.7549	42.0532	76.4160	3.5400
-0.0535	-0.1085	0.7363	40.8936	71.1670	3.0518
-0.0199	-0.1270	0.7227	41.0767	62.8052	3.1738
-0.0265	-0.1343	0.7083	40.7715	51.6968	2.9907
-0.0555	-0.1407	0.7140	40.2222	40.7715	3.3569
-0.0778	-0.1359	0.7354	39.6729	33.2642	5.6763
-0.0795	-0.1310	0.7578	39.6118	29.4800	7.8735
-0.1155	-0.1497	0.7709	40.3442	29.2969	6.4087
-0.1400	-0.1698	0.7639	40.1611	33.4473	3.4180
-0.1395	-0.2068	0.7274	38.6353	39.7339	0.8545
-0.1389	-0.2416	0.6853	35.7666	44.8608	-1.5259
-0.1240	-0.2712	0.6428	31.1890	46.5698	-2.8687
-0.1016	-0.2887	0.6163	26.1230	43.8232	-3.2959
-0.0879	-0.2775	0.6241	20.9351	37.1094	-3.7231
-0.0695	-0.2703	0.6538	18.3716	28.6865	-2.9297
-0.0775	-0.2480	0.6804	17.8223	20.2637	-0.7935
-0.0839	-0.2346	0.6925	19.8364	13.1226	2.1362
-0.0490	-0.2285	0.6758	23.2544	8.9722	5.4321
-0.0303	-0.2234	0.6465	26.3062	5.6763	6.3477
-0.0286	-0.2308	0.5957	28.1372	2.8076	4.5776
-0.0129	-0.2485	0.5356	27.5879	0.6714	2.3193
-0.0013	-0.2430	0.4708	24.6582	-1.4038	0.1831
0.0144	-0.2627	0.3676	21.5454	-3.5400	-2.5635
0.0763	-0.2957	0.2385	17.2119	-7.8125	-5.7983
0.1494	-0.3090	0.1099	10.4370	-16.8457	-9.1553
0.1946	-0.3202	-0.0229	2.6245	-32.7148	-12.5122
0.2382	-0.3090	-0.1825	-3.8452	-54.4434	-15.0757
0.2955	-0.3049	-0.3845	-9.5215	-80.2612	-15.2588
0.2506	-0.3508	-0.6531	-16.0522	-106.7505	-17.2729
0.1346	-0.3748	-0.9634	-29.9072	-125.4883	-25.5127
0.0585	-0.3976	-1.2889	-53.9551	-131.4697	-35.2783
0.0684	-0.3922	-1.5704	-90.7593	-126.5869	-44.4336
0.0652	-0.3173	-1.6425	-140.0757	-114.6851	-54.7485
-0.0507	-0.0874	-1.4554	-194.8242	-98.8159	-61.7676
-0.0474	0.2155	-1.1056	-238.3423	-77.3315	-59.9976
0.0718	0.4016	-0.7208	-262.8784	-56.2134	-54.1382
-3.5143	3.7167	3.9995	-242.7979	-24.9634	-56.4575
3.0431	3.4949	3.8748	306.8848	-47.1802	13.8550
-0.2771	-3.9995	0.7605	262.8784	-108.9478	49.9878
-1.1632	0.4818	1.9819	-158.7524	-56.7627	-34.9121
-0.2095	0.9644	0.8562	-160.8276	2.3804	-135.8032
-0.8937	-0.6832	0.5558	-76.9653	-0.6714	-69.0308
-1.4016	-0.2000	1.2307	-79.5288	-32.6538	-31.0059
-1.3639	0.3105	1.8489	-60.3638	-36.0718	-18.9209
-1.1398	0.0337	2.1576	-12.7563	-29.7241	12.0850
-1.0912	-0.1475	2.2903	11.9019	-25.8789	31.3721
-0.9543	-0.1738	2.1979	4.3945	-3.7842	28.3813
-0.5924	-0.1047	1.9720	-10.3149	33.9966	23.9868
-0.1300	-0.0250	1.6711	-11.2305	58.8989	24.9023
0.1138	-0.0227	1.4481	-0.9155	51.9409	23.6206
0.0160	-0.0490	1.3121	13.0615	19.9585	19.0430
-0.2340	0.0065	1.3917	26.3062	-15.9912	19.8975
-0.4390	0.0099	1.3994	37.8418	-29.0527	24.3530
-0.4839	0.0088	1.3685	45.0439	-13.5498	26.0010
-0.3806	-0.0033	1.2909	47.1802	16.4795	27.7100
-0.2001	0.0061	1.2085	44.3115	42.0532	27.6489
-0.0956	0.0184	1.1558	40.3442	50.7202	25.4517
-0.0820	0.0312	1.1377	37.7808	45.8984	23.9258
-0.0903	0.0426	1.1213	38.0859	38.8184	24.2920
-0.0929	0.0385	1.0905	40.8936	36.4990	25.5127
-0.0747	0.0178	1.0411	44.8608	39.4897	25.7568
-0.0648	0.0081	0.9908	48.6450	44.7388	25.6958
-0.0668	-0.0388	0.9358	51.6968	52.0020	23.3765
-0.0621	-0.0081	0.8896	51.9409	60.6079	21.3623
-0.0386	-0.0867	0.8483	51.3306	62.9883	20.7520
-0.0316	-0.0643	0.8285	48.8281	65.9790	13.0005
-0.0244	-0.0852	0.8015	46.5698	65.3076	10.1929
-0.0118	-0.1248	0.7692	45.7153	62.5000	8.3618
-0.0212	-0.1505	0.7456	43.9453	55.7861	5.0659
-0.0734	-0.1595	0.7445	41.2598	47.0581	3.0518
-0.1383	-0.1573	0.7566	40.5273	40.0391	3.1738
-0.1438	-0.1748	0.7576	41.8091	37.1704	5.1880
-0.1472	-0.1937	0.7582	42.6636	36.7432	5.3711
-0.1434	-0.2050	0.7523	41.9312	37.5366	4.2725
-0.1373	-0.2168	0.7372	39.8560	39.0625	2.5635
-0.1403	-0.2239	0.7272	36.1938	40.4053	0.9766
-0.1447	-0.2225	0.7319	31.3721	40.7104	-0.5493
-0.1344	-0.2346	0.7256	27.6489	41.1987	-1.9531
-0.1367	-0.2413	0.7404	24.5361	40.1611	-2.5635
-0.1235	-0.2382	0.7683	21.4844	37.5977	-1.6479
-0.0896	-0.2389	0.7810	20.6299	33.9355	-0.0610
-0.1134	-0.2363	0.7955	22.2168	28.6865	0.0610
-0.1006	-0.2405	0.7937	25.1465	25.3906	1.5869
-0.0623	-0.2542	0.7759	28.3203	23.8037	3.9673
-0.0377	-0.2655	0.7589	30.0903	21.9727	4.1504
-0.0092	-0.2825	0.7321	30.3345	20.1416	3.4180
0.0071	-0.2799	0.7131	28.8696	18.1885	1.8311
0.0277	-0.2793	0.6888	27.2217	16.3574	-0.3662
0.0518	-0.2919	0.6471	25.8789	14.8315	-3.2959
0.0754	-0.3113	0.5961	24.4751	12.8174	-6.8359
0.0585	-0.3252	0.5420	22.0947	9.5215	-10.8032
0.0348	-0.3262	0.4847	19.0430	6.4087	-13.4888
0.0118	-0.3044	0.4215	16.4185	3.2349	-12.9395
0.0488	-0.3029	0.3123	15.4419	-0.3662	-9.2163
0.1027	-0.3358	0.1591	13.4277	-7.9346	-7.4463
0.1460	-0.3464	-0.0134	6.9580	-21.9727	-7.9956
0.2087	-0.3502	-0.2158	-2.8687	-41.3208	-8.7280
0.2584	-0.3354	-0.4413	-15.1367	-63.5376	-9.9487
0.2559	-0.3376	-0.7136	-29.3579	-86.4868	-15.1978
0.1538	-0.3689	-0.9927	-46.7529	-105.1636	-25.6958
0.0114	-0.4026	-1.2300	-71.5942	-113.7085	-35.8887
-0.1482	-0.3484	-1.3412	-104.9194	-108.1543	-40.4053
-0.1620	-0.2397	-1.3551	-142.8223	-86.7920	-39.5508
-0.0470	-0.0767	-1.2867	-181.7627	-58.8989	-38.2690
0.0316	0.1395	-1.1119	-221.6797	-37.1704	-40.3442
-0.1827	-0.2219	2.2574	-263.3667	-27.8320	-44.9219
-2.3569	3.9995	3.9995	-45.7764	33.0200	-44.4336
3.8489	-3.6100	2.5734	413.8184	-105.4688	-0.4883
-2.5712	-3.1583	1.0441	135.5591	-128.2959	8.3008
-0.1449	1.0087	0.5858	-215.3931	0.2441	-105.1636
-0.2264	0.3752	0.5868	-141.2354	59.8755	-105.8960
-0.3513	-0.4030	1.0323	-79.7119	9.4604	-37.9639
-0.8656	-0.0138	1.6315	-39.9780	-78.3081	-30.2124
-1.0137	0.1034	2.1013	-2.8076	-117.8589	-19.4092
-1.0802	-0.3583	2.0956	25.3906	-96.8018	4.3945
-0.9816	-0.4293	1.9618	9.6436	-41.0156	8.1177
-0.6547	-0.1919	1.8564	-20.2637	7.2632	8.1177
-0.3615	-0.1267	1.6923	-23.9868	29.2358	12.5122
-0.1573	-0.0795	1.5763	-10.6201	28.6255	13.5498
-0.0931	-0.1348	1.5159	6.0425	18.0664	11.4136
-0.1364	-0.1537	1.4948	18.3716	10.2539	10.3149
-0.1658	-0.1736	1.4631	26.2451	7.6294	10.1929
-0.1694	-0.1799	1.4102	30.6396	8.6670	9.3384
-0.1980	-0.1958	1.3253	31.6772	7.7515	6.6528
-0.2559	-0.1786	1.2888	28.1982	7.5073	3.6011
-0.3564	-0.1290	1.2662	26.6113	6.9580	3.2959
-0.4965	-0.1591	1.2141	30.3955	10.9863	7.3853
-0.4401	-0.1130	1.1792	30.3345	22.2778	16.2964
-0.3354	-0.1757	1.1218	32.5317	34.0576	25.9399
-0.1957	-0.1775	1.0780	31.3721	41.8701	35.0952
-0.0732	-0.1357	1.0826	28.4424	44.1284	38.7573
-0.0267	-0.1124	1.0875	28.9307	43.5181	35.6445
-0.0419	-0.0873	1.0892	32.2266	43.0908	29.1138
-0.0632	-0.0844	1.0647	37.7808	46.5698	24.4751
-0.0686	-0.1039	1.0184	42.2363	54.1992	21.7896
-0.0601	-0.1332	0.9539	44.0063	62.0117	18.5547
-0.0796	-0.1263	0.9044	42.4194	67.6880	14.7705
-0.1111	-0.1488	0.8539	40.7104	67.9321	14.2212
-0.1251	-0.1658	0.8213	39.2456	66.2842	14.7705
-0.1167	-0.1742	0.8051	37.6587	63.8428	16.1743
-0.0712	-0.2037	0.8014	35.4614	60.3638	18.8599
-0.0392	-0.2095	0.7936	32.2876	56.0913	20.1416
-0.0243	-0.1827	0.8149	29.1748	51.8188	17.7002
-0.0093	-0.1833	0.8201	28.9307	48.2178	15.5029
-0.0060	-0.1903	0.8171	29.1748	46.3257	13.9160
-0.0093	-0.1956	0.8075	29.7241	45.5322	11.2305
-0.0178	-0.2124	0.7866	30.5786	44.5557	8.5449
-0.0591	-0.2362	0.7451	30.3955	43.3350	5.8594
-0.0787	-0.2731	0.7057	28.9917	42.4194	3.8452
-0.0902	-0.2860	0.7006	25.2686	41.5039	3.9673
-0.1016	-0.2729	0.7051	21.1792	39.4287	5.1880
-0.0872	-0.2446	0.7031	19.7144	38.2690	6.1646
-0.0347	-0.2377	0.7012	20.8740	36.6821	7.7515
0.0167	-0.2292	0.7051	22.0337	32.6538	9.5825
0.0638	-0.2054	0.7213	23.1323	26.3062	9.8877
0.0645	-0.1985	0.7323	25.6958	19.1040	8.3008
0.0640	-0.2061	0.7224	28.7476	13.3667	5.3101
0.0560	-0.2239	0.6908	30.1514	9.0942	2.5635
0.0198	-0.2236	0.6475	29.9683	5.9204	-0.7324
-0.0211	-0.2345	0.5787	30.0293	3.6621	-3.7231
-0.0405	-0.2621	0.4690	29.7852	1.8921	-5.0049
-0.0375	-0.2865	0.3228	27.2827	-0.3052	-5.9204
-0.0088	-0.3230	0.1584	20.9961	-4.8828	-7.2632
0.0286	-0.3297	-0.0062	10.1929	-14.1602	-8.7891
0.0953	-0.3053	-0.1752	-1.8921	-28.5645	-10.0708
0.1895	-0.2672	-0.3477	-12.9395	-48.2178	-10.1929
0.2513	-0.2562	-0.5665	-21.2402	-73.4253	-11.1084
0.2236	-0.2922	-0.8468	-28.5645	-100.8911	-15.7471
0.1578	-0.4061	-1.1644	-40.6494	-125.6714	-23.0713
0.0934	-0.4913	-1.4160	-66.6504	-141.7236	-31.2500
0.0286	-0.4666	-1.5323	-107.7881	-145.8130	-40.0391
0.0389	-0.3116	-1.5375	-157.5317	-135.8643	-49.9878
0.0383	-0.0649	-1.4012	-206.4209	-114.6851	-62.6831
-0.0333	0.2352	-1.1354	-247.0703	-83.6182	-74.8901
0.0011	0.4445	-0.8599	-276.9165	-50.7202	-74.7681
-2.5427	3.8718	3.9995	-292.6636	-21.6064	-68.9087
2.8717	3.7997	3.9995	294.0063	-34.3628	-27.3438
-0.0214	-3.9995	0.8757	320.1294	-166.9922	-22.6440
-1.7845	-1.1787	1.0540	-97.7173	-86.0596	-52.0020
-0.0256	1.4197	0.4467	-249.5728	39.3066	-135.7422
-0.3811	0.4973	0.6163	-123.5352	29.5410	-91.0645
-0.8577	-0.4382	1.4180	-77.3315	-67.2607	-17.1509
-1.3915	0.1898	2.1875	-43.8843	-124.9390	-10.8643
-1.3551	0.1212	2.3003	-8.1177	-100.4639	2.4414
-0.9915	-0.4413	2.0803	5.4932	-38.3911	19.5923
-0.6466	-0.2667	1.9366	-21.4233	12.7563	18.1274
-0.4210	-0.0856	1.8502	-39.7339	32.0435	17.1509
-0.2124	-0.0291	1.7279	-32.2876	30.7007	22.0947
-0.1818	-0.0654	1.5798	-15.1978	22.4609	21.0571
-0.2708	-0.1017	1.4906	-1.7090	14.2822	18.2495
-0.3351	-0.1222	1.4203	6.5308	14.3433	19.5313
-0.3582	-0.1172	1.3628	12.0850	22.0947	20.2026
-0.3335	-0.0732	1.3185	16.9678	31.3721	18.3716
-0.3356	-0.0873	1.2897	22.1558	36.2549	17.2119
-0.3882	0.1039	1.2977	25.3906	36.1938	16.7236
-0.3641	0.0007	1.2628	33.4473	34.6680	20.9961
-0.3029	-0.0035	1.2078	38.1470	33.2031	26.7334
-0.2383	-0.0088	1.1565	39.0625	33.2642	28.5645
-0.1852	-0.0341	1.1183	38.8184	33.8745	29.9683
-0.1449	-0.0457	1.0914	37.6587	36.1938	30.3345
-0.1315	-0.0499	1.0635	37.2314	40.4663	28.6255
-0.1184	-0.0599	1.0254	38.2690	47.0581	25.5737
-0.1216	-0.0544	0.9979	39.1846	55.0537	22.0337
-0.1086	-0.0541	0.9659	41.0767	62.5000	19.6533
-0.0725	-0.0612	0.9121	42.7246	67.0776	17.4561
-0.0347	-0.0842	0.8464	43.2129	67.9932	16.2354
-0.0005	-0.0964	0.8063	41.8701	65.6738	14.0381
0.0002	-0.0898	0.7848	39.3066	60.7910	12.1460
0.0123	-0.1128	0.7661	37.2314	52.7344	11.1694
0.0243	-0.1067	0.7556	35.4004	46.2036	8.7891
0.0341	-0.1278	0.7477	33.6304	40.2832	6.7749
-0.0045	-0.1500	0.7487	31.1890	34.3628	3.6011
-0.0868	-0.1498	0.7753	28.3813	31.4331	0.3052
-0.1477	-0.1606	0.7831	26.7334	34.1187	-1.3428
-0.1541	-0.1727	0.7841	26.3672	42.5415	-0.5493
-0.1259	-0.1738	0.7939	26.3062	51.2085	0.4883
-0.0680	-0.1906	0.7976	26.1230	56.8848	0.3052
-0.0194	-0.2025	0.8038	25.2686	57.4341	-0.2441
0.0078	-0.2054	0.8048	23.9868	53.4668	-0.9155
0.0068	-0.2130	0.8149	22.3389	47.3022	-3.1128
-0.0156	-0.2098	0.8224	20.9961	41.0156	-5.0659
-0.0139	-0.2112	0.8164	21.4233	37.1094	-4.9438
-0.0154	-0.2367	0.7917	23.6206	34.1797	-3.9062
0.0074	-0.2445	0.7603	25.3296	31.3721	-2.5635
0.0065	-0.2576	0.7291	26.1230	27.2217	-1.4038
0.0137	-0.2463	0.6992	26.3062	21.9116	-1.2817
0.0264	-0.2413	0.6500	27.2827	17.1509	-1.6479
0.0231	-0.2598	0.5873	27.7710	13.0005	-2.6855
0.0199	-0.2657	0.5132	26.0620	9.1553	-4.8218
0.0090	-0.2731	0.4236	22.1558	5.6763	-7.3242
0.0144	-0.2634	0.3145	17.1509	2.0142	-9.8877
0.0283	-0.2771	0.1849	12.3291	-2.3804	-12.3291
0.0387	-0.3116	0.0354	7.1411	-9.5215	-14.4043
0.0787	-0.3364	-0.1404	0.8545	-21.4844	-13.6108
0.1677	-0.3680	-0.3669	-6.8970	-38.0859	-9.5215
0.2126	-0.4093	-0.6165	-19.4702	-60.9131	-8.1177
0.1611	-0.3838	-0.8846	-38.5132	-86.4868	-14.2212
0.0798	-0.3798	-1.2222	-62.3169	-108.5205	-24.4141
-0.0258	-0.4066	-1.5150	-94.4824	-122.6807	-32.7759
-0.1222	-0.3716	-1.6688	-139.3433	-122.3145	-40.3442
-0.1512	-0.2230	-1.5680	-194.7021	-105.7739	-48.4619
-0.0532	0.0620	-1.2725	-247.4365	-74.1577	-53.8940
0.1481	0.3020	-0.8690	-285.0952	-36.9263	-55.6030
0.4829	0.6921	3.4589	-311.0352	-11.0474	-56.2744
-0.5509	3.9995	3.8018	71.0449	-148.2544	-14.2822
1.8348	-3.9604	1.9377	384.5825	-121.6431	-44.8608
-1.4832	-2.2556	2.0542	13.9160	-85.7544	-46.9971
0.2014	1.2959	0.5536	-193.6646	5.0659	-87.2803
-0.6602	0.1838	0.6681	-119.9341	28.7476	-86.6699
-1.2015	-0.2125	1.0741	-91.3696	-28.1372	-49.9268
-1.6003	0.5623	1.4648	-66.8945	-73.7915	-43.9453
-1.4254	0.2604	2.0035	-21.6064	-68.6035	-7.6904
-1.2238	0.0220	2.1650	18.2495	-29.8462	21.8506
-0.7358	-0.2776	1.9988	30.2734	18.8599	23.1934
-0.3531	-0.1989	1.8663	12.3291	49.3774	25.1465
-0.0149	-0.1139	1.6748	-4.0283	56.2744	26.3062
0.0247	0.0416	1.5388	-5.7373	37.7197	28.1982
-0.1010	0.0049	1.4867	0.7935	19.7754	26.6113
-0.0787	-0.0421	1.4080	8.3008	22.5220	26.9775
-0.0009	-0.0077	1.3820	11.1694	33.3862	28.4424
0.0082	0.0068	1.4065	15.2588	36.4380	27.5269
-0.0635	0.0461	1.3467	19.2871	33.1421	21.1182
-0.1193	0.0297	1.2761	22.7661	33.5083	17.0898
-0.1249	0.0385	1.1893	24.2920	38.4521	17.8223
-0.0812	0.0151	1.1003	25.3296	44.3115	17.0288
-0.0336	-0.0197	1.0302	26.3062	47.4854	17.0898
0.0042	-0.0295	0.9994	24.9634	47.8516	19.1650
0.0251	-0.0215	0.9861	22.2168	46.0815	19.8364
0.0529	0.0023	0.9774	20.6299	43.6401	18.0664
0.0486	0.0315	0.9623	23.3765	40.9546	14.9536
-0.0176	0.0096	0.9241	28.7476	39.4287	10.4370
-0.0767	0.0186	0.8740	33.3862	44.0674	6.2256
-0.0703	-0.0325	0.8124	34.6680	47.7295	9.7046
-0.0516	-0.0366	0.7578	33.5693	50.2319	9.0942
-0.0521	-0.0619	0.7229	30.5176	49.4995	6.3477
-0.0427	-0.0891	0.7051	26.1230	44.8608	5.5542
-0.0381	-0.0913	0.7112	20.1416	38.2080	5.7373
-0.0621	-0.0667	0.7561	13.8550	31.0059	6.1646
-0.0652	-0.0453	0.8147	11.2915	25.3906	9.3994
-0.0248	-0.0348	0.8495	13.4888	22.5830	14.2212
-0.0100	-0.0406	0.8723	17.4561	19.5313	14.6484
-0.0498	-0.0452	0.8882	21.6675	17.7002	11.1084
-0.0430	-0.0844	0.8683	26.4893	20.0806	10.4980
0.0026	-0.1282	0.8123	28.1982	22.7051	11.6577
0.0518	-0.1929	0.7523	24.6582	21.4233	10.9863
0.0625	-0.2098	0.7235	14.0381	16.2354	7.8125
0.0475	-0.1770	0.7345	0.9155	8.7280	4.4556
0.0239	-0.1503	0.7665	-7.4463	2.5635	3.2349
0.0229	-0.0967	0.8171	-10.5591	-1.4038	4.4556
0.0378	-0.0825	0.8610	-7.9346	-2.7466	5.3711
0.0109	-0.0747	0.8829	-1.7700	-3.1128	5.3711
0.0305	-0.1068	0.8665	5.3711	-0.6104	4.9438
0.0551	-0.1217	0.8280	10.1929	1.8921	4.0283
0.0667	-0.1604	0.7729	12.5732	2.5635	2.0142
0.0355	-0.1820	0.7285	10.6812	1.4038	-1.2817
0.0168	-0.1857	0.6776	5.6763	0.7324	-4.0894
-0.0032	-0.1948	0.6268	-0.1831	-0.1221	-7.4463
-0.0083	-0.1849	0.5844	-5.8594	-3.1128	-10.0708
-0.0004	-0.1677	0.5381	-10.6201	-7.8735	-11.3525
-0.0159	-0.1675	0.4817	-12.4512	-15.0757	-13.4277
-0.0184	-0.1721	0.4050	-12.2070	-23.1323	-12.8784
0.0004	-0.1979	0.3097	-11.4746	-31.0669	-8.8501
0.0385	-0.2335	0.1940	-12.2681	-40.8936	-5.4321
0.0577	-0.2736	0.0548	-15.3198	-53.7109	-3.4790
0.0746	-0.3220	-0.1165	-20.9351	-69.2139	-3.0518
0.0499	-0.3599	-0.3456	-29.1748	-84.8999	-3.6621
0.0166	-0.3835	-0.6105	-41.0156	-98.0835	-5.7373
-0.0132	-0.3889	-0.8524	-59.6313	-105.5298	-9.3994
-0.0699	-0.3278	-0.9794	-85.6934	-104.7363	-13.4888
-0.0887	-0.2255	-0.9828	-115.1123	-94.1772	-15.3198
-0.0187	-0.0969	-0.8569	-144.7144	-78.0029	-15.8691
0.0574	0.0708	-0.5640	-175.5371	-63.8428	-17.0288
0.0454	0.3143	-0.0798	-203.5522	-60.1196	-17.7612
-3.0635	3.9995	3.9995	-132.3853	-55.1758	-18.9819
3.2444	-0.8477	3.2051	278.5645	-162.1094	22.3389
-1.6666	-2.0446	1.6368	137.1460	-172.1802	-39.6118
-1.0009	0.8070	1.3353	-96.1304	-60.2417	-64.2090
-0.1235	-0.5525	0.5624	-65.6738	50.9033	-26.1841
-0.8658	-0.2249	0.4263	-57.0679	9.3994	-35.2783
-1.0997	0.3545	0.8706	-72.2046	-33.9966	-34.1797
-1.1702	0.1766	1.2592	-50.4761	-29.1138	-9.2773
-1.0420	0.0909	1.7355	-24.4141	-10.0708	13.0615
-0.8419	0.2030	2.1332	-11.0474	3.7231	23.2544
-0.5070	0.1006	2.0374	-3.1128	16.0522	27.8931
-0.2629	0.0991	1.7867	-5.2490	30.1514	25.0244
-0.0476	0.1635	1.5975	-9.7046	38.7573	19.7144
0.1172	0.1703	1.4769	-4.6997	28.8696	15.4419
-0.0540	0.0955	1.4827	7.9956	-5.2490	13.5498
-0.3280	0.0688	1.4857	19.7144	-27.4048	7.7515
-0.4434	0.1089	1.4756	25.0244	-12.9395	4.9438
-0.2594	0.1399	1.4049	30.8838	24.4751	6.2866
-0.0715	0.1379	1.2990	39.3677	52.5513	3.6011
0.0164	0.1238	1.1807	46.2646	58.0444	0.5493
0.0120	0.1088	1.0826	50.1099	48.4619	0.3052
-0.0254	0.0752	0.9968	52.3071	34.8511	2.3193
-0.0713	0.0459	0.9395	52.4292	26.3062	4.3945
-0.1178	0.0229	0.9041	50.2319	24.9634	3.9673
-0.1621	0.0201	0.8806	47.2412	29.2969	2.6855
-0.2080	0.0359	0.8688	46.8140	37.6587	3.1128
-0.1372	0.0020	0.8518	48.7061	49.4385	5.4932
-0.0529	0.0043	0.8384	48.0347	52.4292	6.4697
-0.0675	-0.0035	0.8145	47.3633	47.2412	2.9297
-0.1233	-0.0271	0.7878	45.4712	38.0859	0.7324
-0.1594	-0.0204	0.7861	42.2974	31.3721	0.6714
-0.1763	-0.0309	0.7811	41.3208	28.3813	2.0142
-0.2090	-0.0625	0.7701	41.6260	28.1372	2.3804
-0.1968	-0.0907	0.7784	40.6494	30.9448	3.8452
-0.1306	-0.1107	0.7904	38.2690	33.8745	5.9204
-0.1373	-0.1128	0.8209	35.5225	33.1421	4.7607
-0.1554	-0.1060	0.8545	33.6304	32.0435	3.4180
-0.1390	-0.1263	0.8588	32.8979	32.3486	3.4790
-0.1581	-0.1300	0.8555	31.7383	31.9214	2.9907
-0.1649	-0.1292	0.8568	30.5176	31.6772	4.0283
-0.1294	-0.1422	0.8472	29.7852	30.8228	5.7373
-0.1125	-0.1473	0.8501	28.8696	28.2593	6.3477
-0.1223	-0.1460	0.8733	28.3203	24.7192	7.3853
-0.1074	-0.1488	0.8906	28.4424	23.0103	8.7891
-0.0872	-0.1671	0.8854	29.3579	22.0947	9.1553
-0.0818	-0.1771	0.8838	28.5645	21.9727	7.9346
-0.0811	-0.1846	0.8625	25.8789	22.5220	5.6152
-0.0640	-0.2008	0.8307	23.4375	23.3765	2.5024
-0.0736	-0.1921	0.8208	21.1182	22.4609	0.6714
-0.0439	-0.1837	0.8120	20.8130	21.4233	2.1362
-0.0122	-0.1915	0.7841	22.7051	19.5313	3.6621
0.0070	-0.1919	0.7448	24.6582	16.4795	3.6621
0.0427	-0.1938	0.7015	25.8789	13.1226	4.0283
0.0756	-0.2083	0.6470	26.6113	8.6670	4.4556
0.0620	-0.2235	0.5812	25.3906	3.2349	3.7842
0.0659	-0.2463	0.5061	21.3013	-1.4038	2.6855
0.0552	-0.2709	0.4214	15.0757	-5.7983	0.3052
0.0334	-0.3018	0.3201	7.0801	-10.4980	-3.2349
0.0201	-0.3121	0.2153	-1.6479	-15.4419	-5.3711
0.0261	-0.3119	0.0793	-9.1553	-23.1323	-4.8218
0.0616	-0.3262	-0.1033	-16.4795	-34.8511	-3.2349
0.0367	-0.3207	-0.3185	-25.0854	-51.2695	-4.4556
-0.0446	-0.3263	-0.5975	-36.1328	-68.7866	-7.0190
-0.1188	-0.3441	-0.9266	-52.8564	-81.6040	-10.3760
-0.2091	-0.3987	-1.2010	-80.3833	-87.7686	-12.8174
-0.3652	-0.3127	-1.2703	-120.5444	-85.2661	-12.0850
-0.4399	-0.1714	-1.1748	-161.8652	-71.7163	-6.7139
-0.4095	-0.0201	-0.9760	-196.1060	-54.8096	1.2817
-0.3350	0.1556	-0.6334	-223.6938	-42.5415	10.0708
-1.8982	3.9995	3.9995	-101.5625	-75.6836	22.5220
2.4253	-3.8688	3.1250	357.2998	-172.7905	30.0903
-1.4615	-1.0178	1.7729	90.0879	-103.7598	-42.3584
-0.1055	0.5658	0.6996	-124.5117	29.5410	-56.8237
0.3746	-0.4590	-0.1381	-81.7261	87.6465	-19.2261
-0.8953	0.2219	0.5117	-53.9551	-14.9536	-40.5884
-1.0455	0.1498	1.3794	-14.2822	-79.8340	-19.5313
-0.8269	0.0641	1.7661	17.5171	-65.0635	15.0146
-0.7905	-0.2256	1.8357	20.8130	-23.8647	17.2729
-0.5415	-0.1844	1.6311	2.4414	17.8833	11.5356
-0.2407	-0.1549	1.3915	-13.3667	45.2271	15.5640
-0.0439	-0.0461	1.3197	-22.3999	50.2319	16.9067
0.0371	0.0330	1.3700	-21.1792	36.5601	18.0664
0.0258	0.0140	1.3396	-13.1226	16.1743	19.8364
-0.0170	-0.0286	1.3441	-7.5684	3.7842	19.4092
-0.0585	-0.0156	1.3821	-5.5542	4.5776	18.1274
-0.0845	0.0029	1.3621	-2.9297	10.9863	15.3809
-0.1799	0.0586	1.3550	1.0376	13.9160	10.0098
-0.2676	0.1151	1.4878	10.7422	15.0146	6.0425
-0.2706	0.0636	1.3507	26.8555	19.3481	3.4180
-0.1940	-0.0291	1.2280	35.5225	27.5879	3.4790
-0.1746	0.0160	1.1940	32.7759	31.1890	3.1128
-0.1746	0.0273	1.1649	33.8135	32.3486	2.1973
-0.0997	0.0066	1.1073	37.5366	32.6538	3.4180
-0.0447	-0.0073	1.0568	40.7715	30.5786	4.8218
-0.0939	-0.0056	1.0288	43.2739	25.9399	2.9297
-0.1338	-0.0173	0.9978	46.5088	24.6582	2.8076
-0.1567	-0.0431	0.9399	50.3540	28.5034	4.3335
-0.1582	-0.0699	0.8712	52.7344	35.1563	3.7231
-0.1514	-0.0956	0.7972	52.3682	42.7246	2.6245
-0.1284	-0.1421	0.7499	49.9268	48.7061	2.0142
-0.0831	-0.1318	0.7429	43.0298	48.4619	2.5024
-0.0647	-0.1399	0.7552	38.1470	44.7998	1.1597
-0.0635	-0.1539	0.7678	34.3628	39.0015	0.0000
-0.0977	-0.1317	0.8105	30.5786	33.8745	-0.0610
-0.0942	-0.1268	0.8407	29.2358	31.5552	2.0752
-0.1211	-0.1384	0.8440	29.9072	30.2734	3.2959
-0.1624	-0.1628	0.8308	30.8228	29.7852	3.0518
-0.1600	-0.1757	0.8110	30.5176	30.7617	4.6387
-0.1443	-0.2004	0.7924	29.3579	32.3486	6.0425
-0.1029	-0.2197	0.7800	26.4893	32.6538	6.3477
-0.0630	-0.2184	0.7908	21.1182	31.3721	5.6763
-0.0278	-0.2137	0.8124	15.6860	28.8086	3.1128
-0.0325	-0.1990	0.8390	11.1694	26.0620	-0.9155
-0.0349	-0.1772	0.8730	8.7280	24.5361	-2.9297
-0.0157	-0.1537	0.9084	9.3994	23.8037	-1.2817
-0.0229	-0.1361	0.9357	12.7563	22.5220	0.7935
-0.0287	-0.1447	0.9193	19.4092	21.4844	1.8921
-0.0118	-0.1906	0.8732	25.6958	21.3623	2.8687
-0.0065	-0.1992	0.8400	27.5879	19.9585	2.5024
-0.0065	-0.2092	0.8313	26.6113	17.7612	1.5869
-0.0015	-0.2212	0.8159	24.5972	15.8081	0.8545
-0.0094	-0.2162	0.8040	21.1792	13.1836	-0.9766
-0.0175	-0.2212	0.7847	18.0054	11.0474	-3.2959
-0.0162	-0.2172	0.7472	15.7471	9.6436	-4.3945
-0.0189	-0.2200	0.6940	14.8926	8.1787	-5.0659
0.0139	-0.2275	0.6129	15.0146	5.7983	-3.5400
0.0836	-0.2534	0.5026	15.2588	0.0000	-0.4883
0.0850	-0.2866	0.3693	13.4277	-11.6577	0.0610
0.0582	-0.3220	0.2159	8.9111	-25.5737	-1.0376
0.0281	-0.3329	0.0790	0.7324	-37.2314	-1.7700
0.0308	-0.3453	-0.0867	-9.4604	-45.4712	-3.2959
0.0488	-0.3778	-0.2899	-22.3389	-52.1851	-7.5684
0.0352	-0.3763	-0.5099	-38.5742	-59.8145	-13.9160
-0.0726	-0.3530	-0.7506	-55.2368	-68.9697	-18.6768
-0.1515	-0.3545	-1.0237	-70.8008	-76.9043	-16.7236
-0.1465	-0.4062	-1.2849	-90.5762	-82.8857	-8.4229
-0.1479	-0.3929	-1.4194	-120.1782	-88.2568	-0.9155
-0.1844	-0.2777	-1.4058	-155.9448	-93.1396	2.5635
-0.2302	-0.0881	-1.2473	-192.5049	-94.4214	4.7607
-0.2948	0.1829	-0.9061	-225.5249	-89.1724	5.8594
-1.6499	3.5696	3.9995	-204.9561	-91.7969	8.5449
3.9990	1.5787	3.6858	300.5981	-215.0879	31.6772
-2.3152	-3.8433	1.5243	270.4468	-114.8682	-13.9771
-0.0045	0.8860	1.3218	-108.5205	-18.5547	-84.5337
0.1434	0.0005	-0.3615	-97.2900	87.9517	-64.2700
-0.2993	-0.2726	0.2057	-51.0254	9.2163	-45.5322
-1.2601	0.4274	1.3169	-30.0903	-101.1963	-49.3774
-1.2786	0.0063	1.8644	16.3574	-123.7183	-19.1040
-1.1840	-0.2428	1.9509	33.9355	-78.6743	6.6528
-1.0104	-0.3257	1.7738	12.6953	-20.9961	4.6387
-0.6715	-0.2009	1.5377	-13.1836	19.5923	6.6528
-0.3416	-0.0491	1.4197	-25.4517	37.3535	14.0381
-0.0782	-0.0032	1.3748	-24.1089	38.6353	16.3574
0.0154	-0.0363	1.3606	-15.4419	25.2686	16.2964
-0.0077	-0.0970	1.3488	-8.4229	9.9487	14.8926
-0.0471	-0.1211	1.3655	-6.6528	4.0894	14.9536
-0.0837	-0.0922	1.3798	-7.8735	9.2773	14.4043
-0.1062	-0.0342	1.3921	-7.6904	15.5029	13.3667
-0.1812	0.0131	1.4078	-4.2725	17.5781	10.0098
-0.3184	0.0597	1.4010	2.6245	15.6250	5.3711
-0.3700	0.0522	1.4304	12.2070	14.9536	2.2583
-0.3822	0.0024	1.3806	23.9258	16.3574	4.8218
-0.3647	-0.0289	1.2996	30.7617	14.9536	8.9722
-0.3622	-0.0371	1.2477	32.9590	15.9912	11.5356
-0.3322	-0.0587	1.1824	34.9121	20.7520	13.3667
-0.2646	-0.0756	1.1078	36.6821	27.8320	14.8315
-0.1801	-0.0934	1.0323	37.1704	33.5083	15.8691
-0.1533	-0.0964	0.9939	35.7666	35.4614	15.4419
-0.1632	-0.0776	0.9766	34.6069	36.3159	12.9395
-0.1841	-0.0719	0.9615	35.8276	38.3911	10.8643
-0.1714	-0.0896	0.9242	39.1235	41.2598	10.3149
-0.1584	-0.1021	0.8809	41.3818	42.8467	9.5825
-0.1722	-0.1061	0.8389	42.7856	42.7856	9.2773
-0.1808	-0.1339	0.8020	43.0908	44.1895	9.6436
-0.1581	-0.1433	0.7699	40.2222	43.0908	11.1694
-0.1444	-0.1625	0.7408	36.6821	40.5884	11.1694
-0.1469	-0.1865	0.7343	31.9824	36.5601	11.1084
-0.1851	-0.1774	0.7606	24.8413	33.6304	9.8267
-0.1954	-0.1604	0.8002	18.6768	33.9355	9.1553
-0.1683	-0.1486	0.8298	15.8081	36.0718	9.7046
-0.1263	-0.1537	0.8524	15.8691	36.8042	10.6812
-0.1117	-0.1429	0.8757	16.6016	34.6680	11.7798
-0.1405	-0.1426	0.8894	19.2261	31.3110	12.5732
-0.1503	-0.1587	0.8672	22.8271	29.5410	14.1602
-0.1340	-0.1863	0.8275	25.0244	29.2358	15.0146
-0.0991	-0.2019	0.7863	25.2075	28.5645	15.0757
-0.0623	-0.2108	0.7505	23.6816	26.0620	15.3198
-0.0234	-0.2158	0.7148	20.7520	22.0337	14.2822
-0.0009	-0.2152	0.6847	17.0288	16.4795	12.2681
-0.0200	-0.1931	0.6829	12.2681	11.1694	9.3994
-0.0547	-0.1759	0.6761	9.2773	8.2397	5.7373
-0.0713	-0.1799	0.6411	9.2773	8.8501	2.6245
-0.0432	-0.1937	0.5851	10.1929	11.5967	1.4648
-0.0205	-0.2073	0.5265	10.8032	13.0615	1.7090
0.0061	-0.2268	0.4426	11.1084	11.8408	1.7700
0.0348	-0.2606	0.3207	9.7656	7.6294	1.6479
0.0878	-0.3043	0.1671	5.0049	-0.1221	0.6714
0.1411	-0.3252	0.0048	-4.2114	-12.3291	-0.7935
0.2319	-0.3256	-0.1863	-17.3340	-30.2734	-2.8076
0.3169	-0.3112	-0.4082	-32.1045	-53.5278	-6.8970
0.2927	-0.2845	-0.6310	-46.2036	-81.6650	-13.4888
0.1466	-0.2805	-0.8762	-57.0679	-107.2998	-19.4092
0.0066	-0.3417	-1.1406	-67.1387	-120.9717	-22.8882
-0.1198	-0.4274	-1.3766	-85.2661	-118.7134	-23.9868
-0.1881	-0.3995	-1.4957	-116.6382	-101.3794	-24.4141
-0.2064	-0.2751	-1.4633	-158.2031	-74.4629	-27.7710
-0.1844	-0.0697	-1.2913	-203.6743	-43.7012	-31.1279
-0.7656	3.2673	3.9995	-204.2847	-33.9355	-30.2124
2.8701	2.6450	2.3846	307.4951	-216.9800	41.6260
-1.8011	-3.9995	1.4259	272.5220	-126.4038	-13.1226
-0.8938	0.9998	1.4343	-115.9668	-68.4814	-108.5815
-0.0906	0.3130	-0.5092	-124.3896	65.4907	-101.5015
-0.1310	-0.2336	0.0944	-44.4946	28.1372	-45.5933
-1.0114	0.2484	1.3702	-20.6299	-86.4258	-43.2129
-1.1707	0.0496	1.9044	16.6016	-128.2349	-28.6255
-1.2334	-0.2926	1.9797	28.1372	-88.7451	-4.1504
-1.1390	-0.2614	1.8268	3.8452	-29.1138	-1.9531
-0.8778	-0.1466	1.6613	-19.1650	9.7046	1.7700
-0.5557	-0.0430	1.5826	-22.3389	26.6724	11.8408
-0.3137	-0.0314	1.5471	-13.9771	29.7852	13.4277
-0.2485	-0.0872	1.5199	-3.4180	25.1465	12.8784
-0.2147	-0.1415	1.4901	4.0283	21.3623	16.1133
-0.1901	-0.1771	1.4653	8.3618	24.3530	20.0806
-0.2054	-0.1641	1.3999	8.8501	30.4565	20.3247
-0.2335	-0.1365	1.3252	9.5825	33.6304	18.7378
-0.2375	-0.1627	1.2294	12.4512	33.3252	17.1509
-0.3580	-0.0872	1.2109	12.3901	27.1606	16.6016
-0.4183	-0.1161	1.2028	11.1694	30.3345	13.3057
-0.3243	-0.0930	1.2010	10.5591	42.6636	14.2212
-0.1661	-0.0714	1.1799	10.1318	51.7578	17.5171
-0.1083	-0.0289	1.2745	12.2681	46.1426	20.0806
-0.1410	0.0027	1.3087	19.2871	26.6724	20.3857
-0.1515	-0.0623	1.2972	28.8086	16.2964	17.3950
-0.1443	-0.0863	1.2628	34.6069	14.2822	17.7002
-0.1699	-0.0881	1.2168	36.8042	18.1885	16.9067
-0.1957	-0.0848	1.1362	38.5132	25.2075	13.8550
-0.1838	-0.1094	1.0375	40.1001	33.6914	11.5356
-0.1410	-0.1089	0.9535	39.6118	40.8325	10.1929
-0.1112	-0.1178	0.8927	38.5742	43.7622	7.9346
-0.1089	-0.1265	0.8578	36.6821	43.2739	4.3335
-0.1168	-0.1306	0.8436	33.8135	41.1987	2.9297
-0.1439	-0.1211	0.8453	31.9214	39.5508	3.2959
-0.1487	-0.1277	0.8330	32.0435	38.3301	5.0049
-0.1746	-0.1456	0.7930	32.7759	37.5366	6.0425
-0.2086	-0.1901	0.7552	34.1797	39.7339	6.8359
-0.1664	-0.2264	0.7100	30.5176	39.1846	11.8408
-0.1407	-0.2212	0.6967	24.5361	36.7432	13.0615
-0.1246	-0.2161	0.7013	20.0806	33.3252	12.8784
-0.1329	-0.2217	0.7158	16.9678	31.0059	10.9863
-0.1428	-0.2303	0.7432	13.1836	31.0059	7.6904
-0.1471	-0.2134	0.7736	8.4839	33.0200	5.7373
-0.1503	-0.1923	0.8145	5.3101	36.6821	4.2725
-0.1541	-0.1853	0.8347	5.1880	40.5273	3.4790
-0.1348	-0.1858	0.8285	7.7515	42.4805	4.3945
-0.1061	-0.1985	0.8173	11.7798	41.0767	6.8970
-0.0874	-0.2057	0.8160	15.1367	36.0107	9.7656
-0.0648	-0.2197	0.8098	17.7612	29.2969	11.5967
-0.0597	-0.2375	0.8068	18.7988	22.3999	11.5356
-0.0521	-0.2466	0.8124	16.6626	17.3950	10.4980
-0.0637	-0.2446	0.8239	11.9019	14.4043	8.3618
-0.0527	-0.2266	0.8318	7.2021	13.3057	5.0659
-0.0581	-0.2053	0.8395	4.2725	13.4277	1.8311
-0.0557	-0.1936	0.8250	4.4556	14.0381	-1.9531
-0.0565	-0.1920	0.8002	7.2632	14.5264	-4.7607
-0.0577	-0.1819	0.7626	11.4136	13.9771	-3.9062
-0.0184	-0.1967	0.7030	16.4185	12.8174	-0.7935
0.0221	-0.2421	0.5902	21.0571	9.2163	0.0610
0.0652	-0.2935	0.4413	21.5454	2.1362	-1.1597
0.1046	-0.3210	0.2677	15.9302	-8.1787	-2.5635
0.1407	-0.3278	0.0950	6.0425	-22.3389	-4.5166
0.1699	-0.3134	-0.0952	-4.8828	-40.3442	-7.3242
0.1935	-0.3049	-0.3037	-15.8691	-59.9365	-12.1460
0.1877	-0.3184	-0.5558	-26.1841	-79.2236	-18.1274
0.1652	-0.3359	-0.8595	-36.5601	-96.1304	-24.4751
0.1294	-0.4027	-1.2095	-49.4995	-108.8867	-28.5645
0.0544	-0.4883	-1.5115	-71.9604	-116.4551	-30.1514
-0.0494	-0.4771	-1.6515	-109.6802	-114.3799	-31.3110
-0.1388	-0.3389	-1.5878	-160.0952	-97.5952	-34.7900
-0.1406	-0.0942	-1.3721	-213.2568	-68.4814	-37.0483
-0.0905	0.2408	-0.9830	-259.2163	-38.9404	-35.2173
-3.2994	3.9995	3.9995	-150.5737	-49.6826	-16.0522
3.9678	-2.6454	3.4178	367.8589	-176.2695	65.8569
-2.4043	-2.4879	2.0350	92.2852	-121.5820	-8.7891
-0.4099	1.5095	1.1874	-194.2139	-30.5176	-131.2256
-0.1062	-0.3384	-0.3577	-91.6748	92.9565	-93.9331
-0.6403	-0.2424	0.2712	-54.2603	11.9629	-40.2832
-1.3267	0.3409	1.3026	-39.9170	-81.8481	-32.8369
-1.1910	0.1134	1.9333	2.0142	-100.9521	-5.6763
-1.1613	-0.1689	2.1323	21.4233	-63.1714	15.0146
-0.9683	-0.2461	2.1243	4.5776	-7.3242	12.0239
-0.6372	-0.1439	1.9431	-17.8223	36.0718	9.5825
-0.3119	-0.0435	1.7323	-26.0010	55.1758	13.7329
-0.0978	-0.0424	1.5347	-20.6299	52.2461	14.7705
-0.0651	-0.0171	1.4252	-11.4136	33.8135	13.9160
-0.1978	-0.0846	1.3827	-1.4648	9.3384	16.9067
-0.3367	-0.0574	1.4009	6.1646	1.4648	18.3716
-0.3419	-0.0061	1.4142	13.2446	12.5122	19.1650
-0.3494	-0.0913	1.3671	22.9492	18.5547	23.0103
-0.3270	-0.0150	1.3196	25.7568	16.2964	21.7896
-0.3436	-0.0063	1.2925	24.4751	14.8315	20.9961
-0.2773	0.0111	1.2476	24.1699	16.2964	22.4609
-0.2094	0.0244	1.2201	25.3906	17.0288	22.7051
-0.1606	0.0299	1.2000	29.1748	16.6626	22.3999
-0.1548	0.0302	1.1807	34.6069	16.7236	20.3857
-0.1300	0.0192	1.1437	41.3818	20.5688	18.1274
-0.1177	0.0061	1.0752	48.1567	27.4048	15.5640
-0.1150	-0.0247	0.9734	54.0771	34.2407	11.4136
-0.1448	-0.0553	0.8680	56.3965	39.7339	7.3242
-0.1975	-0.0706	0.7668	54.7485	44.6167	4.5776
-0.2036	-0.0974	0.6849	50.2319	50.7202	4.6387
-0.1608	-0.1158	0.6376	42.3584	50.7813	6.6528
-0.1180	-0.1138	0.6256	34.8511	46.5698	6.7139
-0.1071	-0.1044	0.6454	29.7241	38.6963	7.9956
-0.1166	-0.1147	0.6752	28.1372	30.3955	10.0098
-0.1176	-0.1343	0.6801	28.5034	24.6582	11.6577
-0.1250	-0.1721	0.6670	28.6255	22.0947	11.9629
-0.1436	-0.1957	0.6711	27.0996	23.0713	11.2915
-0.1433	-0.2164	0.6802	23.8647	27.2217	10.0708
-0.1267	-0.2542	0.6733	19.5923	32.1045	7.3853
-0.1191	-0.2606	0.6912	11.9019	35.4004	3.2349
-0.1160	-0.2328	0.7438	3.1128	37.0483	-0.9155
-0.1306	-0.2008	0.8053	-2.7466	36.6821	-4.0283
-0.1616	-0.1639	0.8625	-3.7231	34.7900	-2.8076
-0.1350	-0.1508	0.8951	-1.0376	32.6538	3.0518
-0.1097	-0.1583	0.9041	4.3945	28.0762	7.2632
-0.0972	-0.1669	0.9072	10.3760	22.3389	8.6060
-0.1082	-0.1807	0.9113	15.8691	17.7002	8.2397
-0.1088	-0.1951	0.9124	19.9585	15.5640	7.0801
-0.0867	-0.2260	0.8800	21.1792	15.8081	6.0425
-0.0820	-0.2451	0.8300	18.9819	16.8457	2.6245
-0.0615	-0.2371	0.7761	13.9160	17.3340	-2.3804
-0.0254	-0.2246	0.7006	9.2163	16.8457	-6.2866
-0.0029	-0.2169	0.6127	7.0801	12.9395	-8.5449
0.0255	-0.2123	0.5012	7.5073	5.1880	-7.3853
0.0774	-0.2180	0.3568	8.7280	-5.4321	-5.3101
0.1248	-0.2466	0.1714	9.5215	-19.7144	-4.5776
0.1223	-0.3046	-0.0339	7.4463	-36.8652	-5.6763
0.0768	-0.3558	-0.2473	0.0000	-53.4058	-8.1177
0.0564	-0.3867	-0.4761	-13.4277	-65.1855	-11.3525
0.1000	-0.4093	-0.7214	-32.4707	-72.6318	-15.2588
0.1764	-0.4176	-0.9570	-55.9692	-79.3457	-20.2637
0.1748	-0.3906	-1.1232	-82.8857	-87.3413	-26.9165
0.1674	-0.3145	-1.2191	-110.7788	-93.8110	-30.3345
0.1875	-0.2179	-1.2283	-137.6953	-92.9565	-30.3345
0.1497	-0.0953	-1.1318	-165.2222	-84.7168	-33.6304
0.1333	0.0240	-0.9744	-193.0542	-67.6880	-39.6729
-1.2111	2.0908	3.9995	-206.8481	-50.8423	-48.0957
0.2234	3.7510	3.8879	199.8901	-118.8354	19.8364
-0.2684	-3.9995	2.0178	306.2744	-176.6357	47.0581
-1.2576	0.4626	1.4482	-50.1709	-99.4873	-73.9746
-0.0642	0.1433	-0.1583	-129.6387	24.1089	-125.1221
-0.4891	-0.2860	0.2737	-64.3311	28.9307	-66.5283
-1.2034	0.3228	1.3463	-49.8657	-59.5703	-45.8984
-1.3418	0.2078	1.7990	-10.1318	-99.1211	-26.2451
-1.1516	-0.0811	2.0439	13.6719	-63.4155	-3.0518
-0.9366	-0.1465	1.9999	4.4556	-9.6436	2.2583
-0.7367	-0.1843	1.8771	-11.2305	18.6768	2.5024
-0.6821	-0.1122	1.8212	-20.5078	22.7051	6.2256
-0.5134	-0.0419	1.6863	-19.9585	25.5127	12.3901
-0.3701	-0.0717	1.5676	-12.6343	27.6489	18.7988
-0.3384	-0.0603	1.5046	-5.0659	27.1606	20.3247
-0.2769	-0.1372	1.4001	3.5400	23.8037	22.0337
-0.3483	-0.1237	1.3787	7.6294	17.5781	23.8647
-0.4458	-0.0833	1.3398	8.1177	18.0664	20.9961
-0.4417	0.0610	1.3560	8.9722	27.0386	19.7754
-0.4528	-0.0562	1.3107	19.1650	31.1279	23.3765
-0.3654	-0.0011	1.2583	25.8179	30.2124	25.5737
-0.3690	-0.0046	1.2400	26.4893	28.3203	28.1982
-0.3022	0.0056	1.2072	28.0762	30.7617	32.2876
-0.2175	-0.0050	1.1746	31.0059	33.5083	34.8511
-0.1613	-0.0005	1.1461	34.1187	34.9731	34.1797
-0.1373	-0.0017	1.1046	37.9028	36.2549	30.5176
-0.1239	-0.0269	1.0302	42.3584	39.2456	26.1230
-0.1107	-0.0360	0.9476	45.4102	44.1284	22.0337
-0.0752	-0.0570	0.8604	46.3257	49.1943	18.2495
-0.0354	-0.0739	0.7733	45.6543	51.7578	14.0991
-0.0259	-0.0913	0.7052	44.0063	49.5605	10.7422
-0.0842	-0.0919	0.6796	42.0532	46.0205	8.5449
-0.1039	-0.1158	0.6638	39.6118	43.7622	9.1553
-0.0638	-0.1218	0.6456	35.2173	38.8794	11.2915
-0.0496	-0.1267	0.6631	31.7383	31.7383	10.3760
-0.1035	-0.1268	0.7048	29.4800	23.8037	9.1553
-0.1887	-0.1265	0.7430	29.3579	19.9585	7.3853
-0.2258	-0.1606	0.7557	31.0059	22.9492	6.5918
-0.2316	-0.2063	0.7335	31.1279	30.2124	4.9438
-0.2112	-0.2347	0.6984	27.5879	36.9263	2.0752
-0.1733	-0.2511	0.6790	21.9727	39.3066	0.7935
-0.1552	-0.2401	0.6750	16.2354	36.3770	-0.6714
-0.1837	-0.2288	0.6885	11.5967	30.3345	-2.0752
-0.2017	-0.2102	0.7273	8.4839	26.4282	-0.6714
-0.1582	-0.1835	0.7729	7.8125	25.5737	3.1128
-0.0856	-0.1680	0.8226	8.9111	25.1465	6.2256
-0.0392	-0.1581	0.8680	11.2305	22.8271	6.6528
-0.0222	-0.1619	0.8981	14.3433	18.9209	5.1880
-0.0266	-0.1774	0.8779	17.7002	15.7471	3.7842
-0.0361	-0.2032	0.8168	20.1416	13.1226	1.0376
-0.0552	-0.2195	0.7397	20.2026	12.2070	-1.6479
-0.0370	-0.2363	0.6367	17.7002	12.2070	-4.4556
-0.0193	-0.2476	0.5206	13.0005	11.3525	-7.6904
-0.0005	-0.2345	0.4076	7.7515	7.8735	-9.4604
0.0404	-0.2369	0.2765	3.7842	2.0142	-9.0332
0.0835	-0.2710	0.1295	-0.0610	-7.8125	-8.3618
0.1125	-0.3149	-0.0278	-6.0425	-21.6064	-7.8125
0.1292	-0.3778	-0.1980	-16.1133	-37.5366	-7.9346
0.0830	-0.4364	-0.3611	-30.6396	-53.5278	-10.5591
0.0433	-0.4296	-0.5234	-47.7905	-66.9556	-14.2212
0.0734	-0.4106	-0.7252	-63.2935	-75.5005	-17.3340
0.1840	-0.4237	-1.0084	-77.6978	-83.0688	-20.4468
0.2621	-0.4476	-1.2926	-98.2666	-93.2617	-25.5127
0.1888	-0.3782	-1.4629	-131.0425	-101.5625	-33.6914
0.0643	-0.1721	-1.4161	-173.0347	-98.0835	-40.8325
0.0516	0.0566	-1.2013	-214.8437	-79.1016	-44.0674
0.1090	0.3687	-0.1664	-250.6714	-54.0161	-47.0581
-3.4601	3.9995	3.9995	-22.3999	-60.4858	-11.6577
3.0178	-3.7253	2.3892	384.4604	-166.8091	115.2954
-1.4177	-1.2562	1.6774	70.3125	-78.3691	-1.0376
0.2878	0.8262	0.3405	-170.4102	-42.4805	-132.8125
-0.6255	-0.4370	0.0457	-101.5625	13.7329	-109.1309
-1.3495	0.0343	0.8538	-75.1343	-44.7998	-61.2793
-1.7336	0.3553	1.3583	-44.6777	-83.7402	-37.1094
-1.5042	0.0264	1.5911	-8.1177	-66.5283	-1.0376
-1.2899	0.0096	1.9352	1.7700	-20.6909	17.0898
-0.8738	-0.1195	2.0098	-0.2441	22.1558	18.4326
-0.6754	-0.1566	1.9640	-7.9956	43.7012	16.7236
-0.5554	-0.0587	1.8192	-19.1650	52.9785	14.1602
-0.2972	0.0085	1.6272	-19.8975	60.9131	18.7378
-0.0779	-0.0100	1.5044	-10.3760	57.6782	24.3530
-0.1163	0.0040	1.4714	0.7324	40.5884	21.4233
-0.2235	-0.0002	1.4877	10.8643	27.8931	16.5405
-0.3115	0.0425	1.5460	22.7661	18.5547	17.5171
-0.4506	0.0453	1.4966	36.9873	10.4370	18.7378
-0.4847	0.0319	1.4008	46.6919	15.4419	17.7612
-0.4283	0.0051	1.2887	50.7202	27.8320	20.8740
-0.3005	0.0031	1.2166	48.4619	39.1235	23.7427
-0.1982	0.0045	1.1805	43.8232	44.2505	23.9258
-0.1379	0.0099	1.1521	40.3442	43.5181	22.4609
-0.0787	0.0170	1.1210	40.0391	40.8325	22.7661
-0.0231	0.0142	1.0769	43.3350	37.4756	23.5596
-0.0367	0.0063	1.0385	48.4619	34.3018	21.5454
-0.0663	-0.0017	0.9899	54.9927	33.0200	18.1274
-0.1161	-0.0276	0.9243	61.2183	36.2549	13.6719
-0.1858	-0.0770	0.8428	64.7583	43.0298	9.5215
-0.1890	-0.1154	0.7433	62.8052	48.4009	6.6528
-0.1689	-0.1600	0.6740	57.2510	54.6875	3.7231
-0.1519	-0.1718	0.6517	48.5840	57.0679	1.9531
-0.1508	-0.1732	0.6586	39.7339	55.4810	-0.1221
-0.1495	-0.1646	0.6744	33.4473	51.4526	-1.2207
-0.1453	-0.1497	0.7103	30.3345	46.6919	0.6714
-0.1066	-0.1466	0.7281	30.7617	41.4429	4.2114
-0.1115	-0.1486	0.7584	33.5693	34.0576	6.5918
-0.1570	-0.1561	0.7875	36.8652	26.9165	8.9111
-0.1892	-0.1790	0.7854	40.4663	24.2920	10.7422
-0.2030	-0.1982	0.7693	43.3350	25.8789	10.5591
-0.2031	-0.2321	0.7330	43.5791	29.7852	10.6812
-0.1816	-0.2717	0.6919	39.3677	34.9121	9.7656
-0.1587	-0.2666	0.6703	31.3721	38.7573	6.7749
-0.1276	-0.2561	0.6650	23.9868	39.9780	4.8828
-0.0641	-0.2516	0.6615	19.1040	38.0859	4.7607
-0.0037	-0.2443	0.6622	15.9912	32.5928	4.8828
0.0237	-0.2328	0.6809	14.3433	23.7427	4.6387
0.0410	-0.2168	0.7035	14.0991	14.4653	4.3945
0.0391	-0.2157	0.7262	15.4419	6.4697	3.3569
-0.0270	-0.2037	0.7594	16.8457	1.1597	1.8921
-0.0717	-0.2018	0.7648	18.0664	2.0142	0.1831
-0.0682	-0.2196	0.7198	19.4092	8.8501	-2.4414
-0.0574	-0.2605	0.6356	19.2261	15.4419	-5.1880
-0.0515	-0.2892	0.5521	14.7705	17.4561	-7.9346
-0.0510	-0.2859	0.4752	7.8125	14.7705	-9.8877
-0.0193	-0.3042	0.3793	1.4038	7.6294	-9.3384
0.0077	-0.2996	0.2808	-4.7607	-5.0659	-7.6904
0.0175	-0.2986	0.1848	-11.1084	-21.9116	-5.9204
-0.0001	-0.3022	0.0809	-17.8223	-39.1235	-4.8218
-0.0485	-0.3104	-0.0352	-24.9023	-53.5889	-5.0659
-0.0658	-0.3689	-0.2278	-31.8604	-62.6831	-5.3101
0.0039	-0.4504	-0.4705	-41.1987	-67.8711	-5.6152
0.1007	-0.4982	-0.7462	-55.9082	-74.5850	-7.3242
0.1871	-0.4900	-1.0481	-76.1108	-87.3413	-12.0239
0.2267	-0.4930	-1.3185	-102.9663	-104.1870	-20.7520
0.1476	-0.4349	-1.4625	-139.9536	-117.9199	-32.1045
0.0623	-0.2061	-1.4221	-186.0352	-119.0186	-41.3818
-0.0219	0.0739	-1.1775	-229.3091	-103.8208	-49.1333
-0.0822	0.3312	-0.8129	-261.3525	-77.5757	-50.8423
-3.8116	3.9995	3.9995	-171.8140	-62.9272	-34.1187
3.4924	0.6768	3.2054	415.3442	-164.1235	96.0693
-0.7640	-3.9247	1.1204	218.7500	-57.1899	6.9580
-0.2937	1.0481	0.8726	-144.1040	-65.5518	-113.3423
-0.1337	0.0326	0.3014	-126.0986	30.4565	-118.1641
-0.8347	-0.5411	0.4509	-74.4629	3.7842	-62.3169
-1.3634	0.4045	1.1309	-56.4575	-60.9741	-49.4995
-1.3927	0.1029	1.5037	-10.5591	-81.2988	-20.2026
-1.3331	-0.0442	1.8959	16.1743	-58.9600	12.1460
-1.1053	-0.1781	1.9972	15.9912	-14.0381	20.0806
-0.7002	-0.2385	1.8962	0.9155	26.9775	20.5078
-0.5383	-0.1371	1.7538	-18.5547	45.8374	15.6250
-0.3281	-0.0299	1.6213	-24.2920	53.1006	15.2588
